,city,job_title,company_name,summary,salary_lower,salary_upper,mean_salary
0,sydney,Analyst,WEST 1 Australia,"Data organization, processing and interpretation across all agencies and client data sets. Working with large data sets and tools;...",55000.0,65000.0,60000.0
1,sydney,Data Analyst,ANZ Banking Group,Our Data Analyst,70000.0,90000.0,80000.0
2,sydney,Data Scientist,Domain Group,Prior experience creating beautiful data visualisations. As a Data Scientist,,,
3,sydney,Data Analyst,AMP Ltd,We are currently looking for two Data Analyst,70000.0,90000.0,80000.0
4,sydney,Data Analyst,Amazon.com,As a Data Analyst,70000.0,90000.0,80000.0
5,sydney,Data Analyst,"Department of Finance, Services & Innovation",Cleanse and prepare multiple sources of data for matching and,70000.0,90000.0,80000.0
6,sydney,Data Analyst,BT Financial Group,"In this role you will you will work closely with the Manager to validate all regulatory responses including formal notices for data from APRA and ASIC, and...",70000.0,90000.0,80000.0
7,sydney,Junior Data Scientist,The Eclair Group,Industry experience as a Data Analyst,70000.0,90000.0,80000.0
8,sydney,Data Analyst,OpenAgent,Working in the data and business analytics team to answer business questions using data. Review processes that pull data from Adwords and input into our data...,70000.0,90000.0,80000.0
9,sydney,Data Analyst,Tata Consultancy Services (TCS),Data migration Test Analyst (Automation experience). Data Analyst,80000.0,90000.0,85000.0
10,sydney,Data Analyst,Datasii,Extensive experience as a Data Analyst,70000.0,90000.0,80000.0
11,sydney,Data Analyst,Munich Re,Data Analyst,70000.0,90000.0,80000.0
12,sydney,Junior Data Scientist,Intellify,"We also believe great data science comes from great teams, so invest continuously in upskilling and cross-training our data scientists, with lunch & learn...",80000.0,100000.0,90000.0
13,sydney,Data Analyst,World Fuel,Sound data entry and analytical skills. Maintaining customer data within both CRM and Invoice databases. Analyzing customer invoice data to identify erroneous...,70000.0,90000.0,80000.0
14,sydney,Data Analyst,Robert Half Australia,As the Data Analyst,600.0,90000.0,45300.0
15,sydney,Analyst,Sydney,Outstanding data extraction and manipulation skills. Interpret and communicate results from data analysis as recommendations to internal customers....,55000.0,65000.0,60000.0
16,Ultimo,Analyst,WEST 1 Australia,"Data organization, processing and interpretation across all agencies and client data sets. Working with large data sets and tools;...",55000.0,65000.0,60000.0
17,Ultimo,Data Analyst,ANZ Banking Group,Our Data Analyst,70000.0,90000.0,80000.0
18,Ultimo,Data Scientist,Domain Group,Prior experience creating beautiful data visualisations. As a Data Scientist,,,
19,Ultimo,Data Analyst,AMP Ltd,We are currently looking for two Data Analyst,70000.0,90000.0,80000.0
20,Ultimo,Data Analyst,Amazon.com,As a Data Analyst,70000.0,90000.0,80000.0
21,Ultimo,Data Analyst,"Department of Finance, Services & Innovation",Cleanse and prepare multiple sources of data for matching and,70000.0,90000.0,80000.0
22,Ultimo,Data Analyst,BT Financial Group,"In this role you will you will work closely with the Manager to validate all regulatory responses including formal notices for data from APRA and ASIC, and...",70000.0,90000.0,80000.0
23,Ultimo,Junior Data Scientist,The Eclair Group,Industry experience as a Data Analyst,70000.0,90000.0,80000.0
24,Ultimo,Data Analyst,OpenAgent,Working in the data and business analytics team to answer business questions using data. Review processes that pull data from Adwords and input into our data...,70000.0,90000.0,80000.0
25,Ultimo,Data Analyst,Tata Consultancy Services (TCS),Data migration Test Analyst (Automation experience). Data Analyst,80000.0,90000.0,85000.0
26,Ultimo,Data Analyst,Datasii,Extensive experience as a Data Analyst,70000.0,90000.0,80000.0
27,Ultimo,Data Analyst,Munich Re,Data Analyst,70000.0,90000.0,80000.0
28,Ultimo,Junior Data Scientist,Intellify,"We also believe great data science comes from great teams, so invest continuously in upskilling and cross-training our data scientists, with lunch & learn...",80000.0,100000.0,90000.0
29,Ultimo,Data Analyst,World Fuel,Sound data entry and analytical skills. Maintaining customer data within both CRM and Invoice databases. Analyzing customer invoice data to identify erroneous...,70000.0,90000.0,80000.0
30,Ultimo,Data Analyst,Robert Half Australia,As the Data Analyst,600.0,90000.0,45300.0
31,Ultimo,Analyst,Sydney,Outstanding data extraction and manipulation skills. Interpret and communicate results from data analysis as recommendations to internal customers....,55000.0,65000.0,60000.0
32,sydney,Analyst,WEST 1 Australia,"Data organization, processing and interpretation across all agencies and client data sets. Working with large data sets and tools;...",55000.0,65000.0,60000.0
33,sydney,Data Analyst,ANZ Banking Group,Our Data Analyst,70000.0,90000.0,80000.0
34,sydney,Data Scientist,Domain Group,Prior experience creating beautiful data visualisations. As a Data Scientist,,,
35,sydney,Data Analyst,AMP Ltd,We are currently looking for two Data Analyst,70000.0,90000.0,80000.0
36,sydney,Data Analyst,Amazon.com,As a Data Analyst,70000.0,90000.0,80000.0
37,sydney,Data Analyst,"Department of Finance, Services & Innovation",Cleanse and prepare multiple sources of data for matching and,70000.0,90000.0,80000.0
38,sydney,Data Analyst,BT Financial Group,"In this role you will you will work closely with the Manager to validate all regulatory responses including formal notices for data from APRA and ASIC, and...",70000.0,90000.0,80000.0
39,sydney,Junior Data Scientist,The Eclair Group,Industry experience as a Data Analyst,70000.0,90000.0,80000.0
40,sydney,Data Analyst,OpenAgent,Working in the data and business analytics team to answer business questions using data. Review processes that pull data from Adwords and input into our data...,70000.0,90000.0,80000.0
41,sydney,Data Analyst,Tata Consultancy Services (TCS),Data migration Test Analyst (Automation experience). Data Analyst,80000.0,90000.0,85000.0
42,sydney,Data Analyst,Datasii,Extensive experience as a Data Analyst,70000.0,90000.0,80000.0
43,sydney,Data Analyst,Munich Re,Data Analyst,70000.0,90000.0,80000.0
44,sydney,Junior Data Scientist,Intellify,"We also believe great data science comes from great teams, so invest continuously in upskilling and cross-training our data scientists, with lunch & learn...",80000.0,100000.0,90000.0
45,sydney,Data Analyst,World Fuel,Sound data entry and analytical skills. Maintaining customer data within both CRM and Invoice databases. Analyzing customer invoice data to identify erroneous...,70000.0,90000.0,80000.0
46,sydney,Data Analyst,Robert Half Australia,As the Data Analyst,600.0,90000.0,45300.0
47,sydney,Analyst,Sydney,Outstanding data extraction and manipulation skills. Interpret and communicate results from data analysis as recommendations to internal customers....,55000.0,65000.0,60000.0
48,Darlinghurst+NSW,Analyst,WEST 1 Australia,"Data organization, processing and interpretation across all agencies and client data sets. Working with large data sets and tools;...",55000.0,65000.0,60000.0
49,Darlinghurst+NSW,Data Analyst,ANZ Banking Group,Our Data Analyst,70000.0,90000.0,80000.0
50,Darlinghurst+NSW,Data Scientist,Domain Group,Prior experience creating beautiful data visualisations. As a Data Scientist,,,
51,Darlinghurst+NSW,Data Analyst,AMP Ltd,We are currently looking for two Data Analyst,70000.0,90000.0,80000.0
52,Darlinghurst+NSW,Data Analyst,Amazon.com,As a Data Analyst,70000.0,90000.0,80000.0
53,Darlinghurst+NSW,Data Analyst,"Department of Finance, Services & Innovation",Cleanse and prepare multiple sources of data for matching and,70000.0,90000.0,80000.0
54,Darlinghurst+NSW,Data Analyst,BT Financial Group,"In this role you will you will work closely with the Manager to validate all regulatory responses including formal notices for data from APRA and ASIC, and...",70000.0,90000.0,80000.0
55,Darlinghurst+NSW,Junior Data Scientist,The Eclair Group,Industry experience as a Data Analyst,70000.0,90000.0,80000.0
56,Darlinghurst+NSW,Data Analyst,OpenAgent,Working in the data and business analytics team to answer business questions using data. Review processes that pull data from Adwords and input into our data...,70000.0,90000.0,80000.0
57,Darlinghurst+NSW,Data Analyst,Tata Consultancy Services (TCS),Data migration Test Analyst (Automation experience). Data Analyst,80000.0,90000.0,85000.0
58,Darlinghurst+NSW,Data Analyst,Datasii,Extensive experience as a Data Analyst,70000.0,90000.0,80000.0
59,Darlinghurst+NSW,Data Analyst,Munich Re,Data Analyst,70000.0,90000.0,80000.0
60,Darlinghurst+NSW,Junior Data Scientist,Intellify,"We also believe great data science comes from great teams, so invest continuously in upskilling and cross-training our data scientists, with lunch & learn...",80000.0,100000.0,90000.0
61,Darlinghurst+NSW,Data Analyst,World Fuel,Sound data entry and analytical skills. Maintaining customer data within both CRM and Invoice databases. Analyzing customer invoice data to identify erroneous...,70000.0,90000.0,80000.0
62,Darlinghurst+NSW,Data Analyst,Robert Half Australia,As the Data Analyst,600.0,90000.0,45300.0
63,Darlinghurst+NSW,Analyst,Sydney,Outstanding data extraction and manipulation skills. Interpret and communicate results from data analysis as recommendations to internal customers....,55000.0,65000.0,60000.0
64,Barangaroo,Analyst,WEST 1 Australia,"Data organization, processing and interpretation across all agencies and client data sets. Working with large data sets and tools;...",55000.0,65000.0,60000.0
65,Barangaroo,Data Analyst,ANZ Banking Group,Our Data Analyst,70000.0,90000.0,80000.0
66,Barangaroo,Data Scientist,Domain Group,Prior experience creating beautiful data visualisations. As a Data Scientist,,,
67,Barangaroo,Data Analyst,AMP Ltd,We are currently looking for two Data Analyst,70000.0,90000.0,80000.0
68,Barangaroo,Data Analyst,Amazon.com,As a Data Analyst,70000.0,90000.0,80000.0
69,Barangaroo,Data Analyst,"Department of Finance, Services & Innovation",Cleanse and prepare multiple sources of data for matching and,70000.0,90000.0,80000.0
70,Barangaroo,Data Analyst,BT Financial Group,"In this role you will you will work closely with the Manager to validate all regulatory responses including formal notices for data from APRA and ASIC, and...",70000.0,90000.0,80000.0
71,Barangaroo,Junior Data Scientist,The Eclair Group,Industry experience as a Data Analyst,70000.0,90000.0,80000.0
72,Barangaroo,Data Analyst,OpenAgent,Working in the data and business analytics team to answer business questions using data. Review processes that pull data from Adwords and input into our data...,70000.0,90000.0,80000.0
73,Barangaroo,Data Analyst,Tata Consultancy Services (TCS),Data migration Test Analyst (Automation experience). Data Analyst,80000.0,90000.0,85000.0
74,Barangaroo,Data Analyst,Datasii,Extensive experience as a Data Analyst,70000.0,90000.0,80000.0
75,Barangaroo,Data Analyst,Munich Re,Data Analyst,70000.0,90000.0,80000.0
76,Barangaroo,Junior Data Scientist,Intellify,"We also believe great data science comes from great teams, so invest continuously in upskilling and cross-training our data scientists, with lunch & learn...",80000.0,100000.0,90000.0
77,Barangaroo,Data Analyst,World Fuel,Sound data entry and analytical skills. Maintaining customer data within both CRM and Invoice databases. Analyzing customer invoice data to identify erroneous...,70000.0,90000.0,80000.0
78,Barangaroo,Data Analyst,Robert Half Australia,As the Data Analyst,600.0,90000.0,45300.0
79,Barangaroo,Analyst,Sydney,Outstanding data extraction and manipulation skills. Interpret and communicate results from data analysis as recommendations to internal customers....,55000.0,65000.0,60000.0
80,Mascot,Analyst,WEST 1 Australia,"Data organization, processing and interpretation across all agencies and client data sets. Working with large data sets and tools;...",55000.0,65000.0,60000.0
81,Mascot,Data Analyst,ANZ Banking Group,Our Data Analyst,70000.0,90000.0,80000.0
82,Mascot,Data Scientist,Domain Group,Prior experience creating beautiful data visualisations. As a Data Scientist,,,
83,Mascot,Data Analyst,AMP Ltd,We are currently looking for two Data Analyst,70000.0,90000.0,80000.0
84,Mascot,Data Analyst,Amazon.com,As a Data Analyst,70000.0,90000.0,80000.0
85,Mascot,Data Analyst,"Department of Finance, Services & Innovation",Cleanse and prepare multiple sources of data for matching and,70000.0,90000.0,80000.0
86,Mascot,Data Analyst,BT Financial Group,"In this role you will you will work closely with the Manager to validate all regulatory responses including formal notices for data from APRA and ASIC, and...",70000.0,90000.0,80000.0
87,Mascot,Junior Data Scientist,The Eclair Group,Industry experience as a Data Analyst,70000.0,90000.0,80000.0
88,Mascot,Data Analyst,OpenAgent,Working in the data and business analytics team to answer business questions using data. Review processes that pull data from Adwords and input into our data...,70000.0,90000.0,80000.0
89,Mascot,Data Analyst,Tata Consultancy Services (TCS),Data migration Test Analyst (Automation experience). Data Analyst,80000.0,90000.0,85000.0
90,Mascot,Data Analyst,Datasii,Extensive experience as a Data Analyst,70000.0,90000.0,80000.0
91,Mascot,Data Analyst,Munich Re,Data Analyst,70000.0,90000.0,80000.0
92,Mascot,Junior Data Scientist,Intellify,"We also believe great data science comes from great teams, so invest continuously in upskilling and cross-training our data scientists, with lunch & learn...",80000.0,100000.0,90000.0
93,Mascot,Data Analyst,World Fuel,Sound data entry and analytical skills. Maintaining customer data within both CRM and Invoice databases. Analyzing customer invoice data to identify erroneous...,70000.0,90000.0,80000.0
94,Mascot,Data Analyst,Robert Half Australia,As the Data Analyst,600.0,90000.0,45300.0
95,Mascot,Analyst,Sydney,Outstanding data extraction and manipulation skills. Interpret and communicate results from data analysis as recommendations to internal customers....,55000.0,65000.0,60000.0
96,Parramatta,Analyst,WEST 1 Australia,"Data organization, processing and interpretation across all agencies and client data sets. Working with large data sets and tools;...",55000.0,65000.0,60000.0
97,Parramatta,Data Analyst,ANZ Banking Group,Our Data Analyst,70000.0,90000.0,80000.0
98,Parramatta,Data Scientist,Domain Group,Prior experience creating beautiful data visualisations. As a Data Scientist,,,
99,Parramatta,Data Analyst,AMP Ltd,We are currently looking for two Data Analyst,70000.0,90000.0,80000.0
100,Parramatta,Data Analyst,Amazon.com,As a Data Analyst,70000.0,90000.0,80000.0
101,Parramatta,Data Analyst,"Department of Finance, Services & Innovation",Cleanse and prepare multiple sources of data for matching and,70000.0,90000.0,80000.0
102,Parramatta,Data Analyst,BT Financial Group,"In this role you will you will work closely with the Manager to validate all regulatory responses including formal notices for data from APRA and ASIC, and...",70000.0,90000.0,80000.0
103,Parramatta,Junior Data Scientist,The Eclair Group,Industry experience as a Data Analyst,70000.0,90000.0,80000.0
104,Parramatta,Data Analyst,OpenAgent,Working in the data and business analytics team to answer business questions using data. Review processes that pull data from Adwords and input into our data...,70000.0,90000.0,80000.0
105,Parramatta,Data Analyst,Tata Consultancy Services (TCS),Data migration Test Analyst (Automation experience). Data Analyst,80000.0,90000.0,85000.0
106,Parramatta,Data Analyst,Datasii,Extensive experience as a Data Analyst,70000.0,90000.0,80000.0
107,Parramatta,Data Analyst,Munich Re,Data Analyst,70000.0,90000.0,80000.0
108,Parramatta,Junior Data Scientist,Intellify,"We also believe great data science comes from great teams, so invest continuously in upskilling and cross-training our data scientists, with lunch & learn...",80000.0,100000.0,90000.0
109,Parramatta,Data Analyst,World Fuel,Sound data entry and analytical skills. Maintaining customer data within both CRM and Invoice databases. Analyzing customer invoice data to identify erroneous...,70000.0,90000.0,80000.0
110,Parramatta,Data Analyst,Robert Half Australia,As the Data Analyst,600.0,90000.0,45300.0
111,Parramatta,Analyst,Sydney,Outstanding data extraction and manipulation skills. Interpret and communicate results from data analysis as recommendations to internal customers....,55000.0,65000.0,60000.0
112,Surry Hills,Analyst,WEST 1 Australia,"Data organization, processing and interpretation across all agencies and client data sets. Working with large data sets and tools;...",55000.0,65000.0,60000.0
113,Surry Hills,Data Analyst,ANZ Banking Group,Our Data Analyst,70000.0,90000.0,80000.0
114,Surry Hills,Data Scientist,Domain Group,Prior experience creating beautiful data visualisations. As a Data Scientist,,,
115,Surry Hills,Data Analyst,AMP Ltd,We are currently looking for two Data Analyst,70000.0,90000.0,80000.0
116,Surry Hills,Data Analyst,Amazon.com,As a Data Analyst,70000.0,90000.0,80000.0
117,Surry Hills,Data Analyst,"Department of Finance, Services & Innovation",Cleanse and prepare multiple sources of data for matching and,70000.0,90000.0,80000.0
118,Surry Hills,Data Analyst,BT Financial Group,"In this role you will you will work closely with the Manager to validate all regulatory responses including formal notices for data from APRA and ASIC, and...",70000.0,90000.0,80000.0
119,Surry Hills,Junior Data Scientist,The Eclair Group,Industry experience as a Data Analyst,70000.0,90000.0,80000.0
120,Surry Hills,Data Analyst,OpenAgent,Working in the data and business analytics team to answer business questions using data. Review processes that pull data from Adwords and input into our data...,70000.0,90000.0,80000.0
121,Surry Hills,Data Analyst,Tata Consultancy Services (TCS),Data migration Test Analyst (Automation experience). Data Analyst,80000.0,90000.0,85000.0
122,Surry Hills,Data Analyst,Datasii,Extensive experience as a Data Analyst,70000.0,90000.0,80000.0
123,Surry Hills,Data Analyst,Munich Re,Data Analyst,70000.0,90000.0,80000.0
124,Surry Hills,Junior Data Scientist,Intellify,"We also believe great data science comes from great teams, so invest continuously in upskilling and cross-training our data scientists, with lunch & learn...",80000.0,100000.0,90000.0
125,Surry Hills,Data Analyst,World Fuel,Sound data entry and analytical skills. Maintaining customer data within both CRM and Invoice databases. Analyzing customer invoice data to identify erroneous...,70000.0,90000.0,80000.0
126,Surry Hills,Data Analyst,Robert Half Australia,As the Data Analyst,600.0,90000.0,45300.0
127,Surry Hills,Analyst,Sydney,Outstanding data extraction and manipulation skills. Interpret and communicate results from data analysis as recommendations to internal customers....,55000.0,65000.0,60000.0
128,Macquarie Park,Analyst,WEST 1 Australia,"Data organization, processing and interpretation across all agencies and client data sets. Working with large data sets and tools;...",55000.0,65000.0,60000.0
129,Macquarie Park,Data Analyst,ANZ Banking Group,Our Data Analyst,70000.0,90000.0,80000.0
130,Macquarie Park,Data Scientist,Domain Group,Prior experience creating beautiful data visualisations. As a Data Scientist,,,
131,Macquarie Park,Data Analyst,AMP Ltd,We are currently looking for two Data Analyst,70000.0,90000.0,80000.0
132,Macquarie Park,Data Analyst,Amazon.com,As a Data Analyst,70000.0,90000.0,80000.0
133,Macquarie Park,Data Analyst,"Department of Finance, Services & Innovation",Cleanse and prepare multiple sources of data for matching and,70000.0,90000.0,80000.0
134,Macquarie Park,Data Analyst,BT Financial Group,"In this role you will you will work closely with the Manager to validate all regulatory responses including formal notices for data from APRA and ASIC, and...",70000.0,90000.0,80000.0
135,Macquarie Park,Junior Data Scientist,The Eclair Group,Industry experience as a Data Analyst,70000.0,90000.0,80000.0
136,Macquarie Park,Data Analyst,OpenAgent,Working in the data and business analytics team to answer business questions using data. Review processes that pull data from Adwords and input into our data...,70000.0,90000.0,80000.0
137,Macquarie Park,Data Analyst,Tata Consultancy Services (TCS),Data migration Test Analyst (Automation experience). Data Analyst,80000.0,90000.0,85000.0
138,Macquarie Park,Data Analyst,Datasii,Extensive experience as a Data Analyst,70000.0,90000.0,80000.0
139,Macquarie Park,Data Analyst,Munich Re,Data Analyst,70000.0,90000.0,80000.0
140,Macquarie Park,Junior Data Scientist,Intellify,"We also believe great data science comes from great teams, so invest continuously in upskilling and cross-training our data scientists, with lunch & learn...",80000.0,100000.0,90000.0
141,Macquarie Park,Data Analyst,World Fuel,Sound data entry and analytical skills. Maintaining customer data within both CRM and Invoice databases. Analyzing customer invoice data to identify erroneous...,70000.0,90000.0,80000.0
142,Macquarie Park,Data Analyst,Robert Half Australia,As the Data Analyst,600.0,90000.0,45300.0
143,Macquarie Park,Analyst,Sydney,Outstanding data extraction and manipulation skills. Interpret and communicate results from data analysis as recommendations to internal customers....,55000.0,65000.0,60000.0
144,sydney,Analyst,WEST 1 Australia,"Data organization, processing and interpretation across all agencies and client data sets. Working with large data sets and tools;...",55000.0,65000.0,60000.0
145,sydney,Data Analyst,ANZ Banking Group,Our Data Analyst,70000.0,90000.0,80000.0
146,sydney,Data Scientist,Domain Group,Prior experience creating beautiful data visualisations. As a Data Scientist,,,
147,sydney,Data Analyst,AMP Ltd,We are currently looking for two Data Analyst,70000.0,90000.0,80000.0
148,sydney,Data Analyst,Amazon.com,As a Data Analyst,70000.0,90000.0,80000.0
149,sydney,Data Analyst,"Department of Finance, Services & Innovation",Cleanse and prepare multiple sources of data for matching and,70000.0,90000.0,80000.0
150,sydney,Data Analyst,BT Financial Group,"In this role you will you will work closely with the Manager to validate all regulatory responses including formal notices for data from APRA and ASIC, and...",70000.0,90000.0,80000.0
151,sydney,Junior Data Scientist,The Eclair Group,Industry experience as a Data Analyst,70000.0,90000.0,80000.0
152,sydney,Data Analyst,OpenAgent,Working in the data and business analytics team to answer business questions using data. Review processes that pull data from Adwords and input into our data...,70000.0,90000.0,80000.0
153,sydney,Data Analyst,Tata Consultancy Services (TCS),Data migration Test Analyst (Automation experience). Data Analyst,80000.0,90000.0,85000.0
154,sydney,Data Analyst,Datasii,Extensive experience as a Data Analyst,70000.0,90000.0,80000.0
155,sydney,Data Analyst,Munich Re,Data Analyst,70000.0,90000.0,80000.0
156,sydney,Junior Data Scientist,Intellify,"We also believe great data science comes from great teams, so invest continuously in upskilling and cross-training our data scientists, with lunch & learn...",80000.0,100000.0,90000.0
157,sydney,Data Analyst,World Fuel,Sound data entry and analytical skills. Maintaining customer data within both CRM and Invoice databases. Analyzing customer invoice data to identify erroneous...,70000.0,90000.0,80000.0
158,sydney,Data Analyst,Robert Half Australia,As the Data Analyst,600.0,90000.0,45300.0
159,sydney,Analyst,Sydney,Outstanding data extraction and manipulation skills. Interpret and communicate results from data analysis as recommendations to internal customers....,55000.0,65000.0,60000.0
160,Hills District,Analyst,WEST 1 Australia,"Data organization, processing and interpretation across all agencies and client data sets. Working with large data sets and tools;...",55000.0,65000.0,60000.0
161,Hills District,Data Analyst,ANZ Banking Group,Our Data Analyst,70000.0,90000.0,80000.0
162,Hills District,Data Scientist,Domain Group,Prior experience creating beautiful data visualisations. As a Data Scientist,,,
163,Hills District,Data Analyst,AMP Ltd,We are currently looking for two Data Analyst,70000.0,90000.0,80000.0
164,Hills District,Data Analyst,Amazon.com,As a Data Analyst,70000.0,90000.0,80000.0
165,Hills District,Data Analyst,"Department of Finance, Services & Innovation",Cleanse and prepare multiple sources of data for matching and,70000.0,90000.0,80000.0
166,Hills District,Data Analyst,BT Financial Group,"In this role you will you will work closely with the Manager to validate all regulatory responses including formal notices for data from APRA and ASIC, and...",70000.0,90000.0,80000.0
167,Hills District,Junior Data Scientist,The Eclair Group,Industry experience as a Data Analyst,70000.0,90000.0,80000.0
168,Hills District,Data Analyst,OpenAgent,Working in the data and business analytics team to answer business questions using data. Review processes that pull data from Adwords and input into our data...,70000.0,90000.0,80000.0
169,Hills District,Data Analyst,Tata Consultancy Services (TCS),Data migration Test Analyst (Automation experience). Data Analyst,80000.0,90000.0,85000.0
170,Hills District,Data Analyst,Datasii,Extensive experience as a Data Analyst,70000.0,90000.0,80000.0
171,Hills District,Data Analyst,Munich Re,Data Analyst,70000.0,90000.0,80000.0
172,Hills District,Junior Data Scientist,Intellify,"We also believe great data science comes from great teams, so invest continuously in upskilling and cross-training our data scientists, with lunch & learn...",80000.0,100000.0,90000.0
173,Hills District,Data Analyst,World Fuel,Sound data entry and analytical skills. Maintaining customer data within both CRM and Invoice databases. Analyzing customer invoice data to identify erroneous...,70000.0,90000.0,80000.0
174,Hills District,Data Analyst,Robert Half Australia,As the Data Analyst,600.0,90000.0,45300.0
175,Hills District,Analyst,Sydney,Outstanding data extraction and manipulation skills. Interpret and communicate results from data analysis as recommendations to internal customers....,55000.0,65000.0,60000.0
176,sydney,Analyst,WEST 1 Australia,"Data organization, processing and interpretation across all agencies and client data sets. Working with large data sets and tools;...",55000.0,65000.0,60000.0
177,sydney,Data Analyst,ANZ Banking Group,Our Data Analyst,70000.0,90000.0,80000.0
178,sydney,Data Scientist,Domain Group,Prior experience creating beautiful data visualisations. As a Data Scientist,,,
179,sydney,Data Analyst,AMP Ltd,We are currently looking for two Data Analyst,70000.0,90000.0,80000.0
180,sydney,Data Analyst,Amazon.com,As a Data Analyst,70000.0,90000.0,80000.0
181,sydney,Data Analyst,"Department of Finance, Services & Innovation",Cleanse and prepare multiple sources of data for matching and,70000.0,90000.0,80000.0
182,sydney,Data Analyst,BT Financial Group,"In this role you will you will work closely with the Manager to validate all regulatory responses including formal notices for data from APRA and ASIC, and...",70000.0,90000.0,80000.0
183,sydney,Junior Data Scientist,The Eclair Group,Industry experience as a Data Analyst,70000.0,90000.0,80000.0
184,sydney,Data Analyst,OpenAgent,Working in the data and business analytics team to answer business questions using data. Review processes that pull data from Adwords and input into our data...,70000.0,90000.0,80000.0
185,sydney,Data Analyst,Tata Consultancy Services (TCS),Data migration Test Analyst (Automation experience). Data Analyst,80000.0,90000.0,85000.0
186,sydney,Data Analyst,Datasii,Extensive experience as a Data Analyst,70000.0,90000.0,80000.0
187,sydney,Data Analyst,Munich Re,Data Analyst,70000.0,90000.0,80000.0
188,sydney,Junior Data Scientist,Intellify,"We also believe great data science comes from great teams, so invest continuously in upskilling and cross-training our data scientists, with lunch & learn...",80000.0,100000.0,90000.0
189,sydney,Data Analyst,World Fuel,Sound data entry and analytical skills. Maintaining customer data within both CRM and Invoice databases. Analyzing customer invoice data to identify erroneous...,70000.0,90000.0,80000.0
190,sydney,Data Analyst,Robert Half Australia,As the Data Analyst,600.0,90000.0,45300.0
191,sydney,Analyst,Sydney,Outstanding data extraction and manipulation skills. Interpret and communicate results from data analysis as recommendations to internal customers....,55000.0,65000.0,60000.0
192,Sydney,Analyst,WEST 1 Australia,"Data organization, processing and interpretation across all agencies and client data sets. Working with large data sets and tools;...",55000.0,65000.0,60000.0
193,Sydney,Data Analyst,ANZ Banking Group,Our Data Analyst,70000.0,90000.0,80000.0
194,Sydney,Data Scientist,Domain Group,Prior experience creating beautiful data visualisations. As a Data Scientist,,,
195,Sydney,Data Analyst,AMP Ltd,We are currently looking for two Data Analyst,70000.0,90000.0,80000.0
196,Sydney,Data Analyst,Amazon.com,As a Data Analyst,70000.0,90000.0,80000.0
197,Sydney,Data Analyst,"Department of Finance, Services & Innovation",Cleanse and prepare multiple sources of data for matching and,70000.0,90000.0,80000.0
198,Sydney,Data Analyst,BT Financial Group,"In this role you will you will work closely with the Manager to validate all regulatory responses including formal notices for data from APRA and ASIC, and...",70000.0,90000.0,80000.0
199,Sydney,Junior Data Scientist,The Eclair Group,Industry experience as a Data Analyst,70000.0,90000.0,80000.0
200,Sydney,Data Analyst,OpenAgent,Working in the data and business analytics team to answer business questions using data. Review processes that pull data from Adwords and input into our data...,70000.0,90000.0,80000.0
201,Sydney,Data Analyst,Tata Consultancy Services (TCS),Data migration Test Analyst (Automation experience). Data Analyst,80000.0,90000.0,85000.0
202,Sydney,Data Analyst,Datasii,Extensive experience as a Data Analyst,70000.0,90000.0,80000.0
203,Sydney,Data Analyst,Munich Re,Data Analyst,70000.0,90000.0,80000.0
204,Sydney,Junior Data Scientist,Intellify,"We also believe great data science comes from great teams, so invest continuously in upskilling and cross-training our data scientists, with lunch & learn...",80000.0,100000.0,90000.0
205,Sydney,Data Analyst,World Fuel,Sound data entry and analytical skills. Maintaining customer data within both CRM and Invoice databases. Analyzing customer invoice data to identify erroneous...,70000.0,90000.0,80000.0
206,Sydney,Data Analyst,Robert Half Australia,As the Data Analyst,600.0,90000.0,45300.0
207,Sydney,Analyst,Sydney,Outstanding data extraction and manipulation skills. Interpret and communicate results from data analysis as recommendations to internal customers....,55000.0,65000.0,60000.0
208,Melbourne,Analyst,WEST 1 Australia,"Data organization, processing and interpretation across all agencies and client data sets. Working with large data sets and tools;...",55000.0,65000.0,60000.0
209,Melbourne,Data Analyst,ANZ Banking Group,Our Data Analyst,70000.0,90000.0,80000.0
210,Melbourne,Data Scientist,Domain Group,Prior experience creating beautiful data visualisations. As a Data Scientist,,,
211,Melbourne,Data Analyst,AMP Ltd,We are currently looking for two Data Analyst,70000.0,90000.0,80000.0
212,Melbourne,Data Analyst,Amazon.com,As a Data Analyst,70000.0,90000.0,80000.0
213,Melbourne,Data Analyst,"Department of Finance, Services & Innovation",Cleanse and prepare multiple sources of data for matching and,70000.0,90000.0,80000.0
214,Melbourne,Data Analyst,BT Financial Group,"In this role you will you will work closely with the Manager to validate all regulatory responses including formal notices for data from APRA and ASIC, and...",70000.0,90000.0,80000.0
215,Melbourne,Junior Data Scientist,The Eclair Group,Industry experience as a Data Analyst,70000.0,90000.0,80000.0
216,Melbourne,Data Analyst,OpenAgent,Working in the data and business analytics team to answer business questions using data. Review processes that pull data from Adwords and input into our data...,70000.0,90000.0,80000.0
217,Melbourne,Data Analyst,Tata Consultancy Services (TCS),Data migration Test Analyst (Automation experience). Data Analyst,80000.0,90000.0,85000.0
218,Melbourne,Data Analyst,Datasii,Extensive experience as a Data Analyst,70000.0,90000.0,80000.0
219,Melbourne,Data Analyst,Munich Re,Data Analyst,70000.0,90000.0,80000.0
220,Melbourne,Junior Data Scientist,Intellify,"We also believe great data science comes from great teams, so invest continuously in upskilling and cross-training our data scientists, with lunch & learn...",80000.0,100000.0,90000.0
221,Melbourne,Data Analyst,World Fuel,Sound data entry and analytical skills. Maintaining customer data within both CRM and Invoice databases. Analyzing customer invoice data to identify erroneous...,70000.0,90000.0,80000.0
222,Melbourne,Data Analyst,Robert Half Australia,As the Data Analyst,600.0,90000.0,45300.0
223,Melbourne,Analyst,Sydney,Outstanding data extraction and manipulation skills. Interpret and communicate results from data analysis as recommendations to internal customers....,55000.0,65000.0,60000.0
224,sydney,Analyst,WEST 1 Australia,"Data organization, processing and interpretation across all agencies and client data sets. Working with large data sets and tools;...",55000.0,65000.0,60000.0
225,sydney,Data Analyst,ANZ Banking Group,Our Data Analyst,70000.0,90000.0,80000.0
226,sydney,Data Scientist,Domain Group,Prior experience creating beautiful data visualisations. As a Data Scientist,,,
227,sydney,Data Analyst,AMP Ltd,We are currently looking for two Data Analyst,70000.0,90000.0,80000.0
228,sydney,Data Analyst,Amazon.com,As a Data Analyst,70000.0,90000.0,80000.0
229,sydney,Data Analyst,"Department of Finance, Services & Innovation",Cleanse and prepare multiple sources of data for matching and,70000.0,90000.0,80000.0
230,sydney,Data Analyst,BT Financial Group,"In this role you will you will work closely with the Manager to validate all regulatory responses including formal notices for data from APRA and ASIC, and...",70000.0,90000.0,80000.0
231,sydney,Junior Data Scientist,The Eclair Group,Industry experience as a Data Analyst,70000.0,90000.0,80000.0
232,sydney,Data Analyst,OpenAgent,Working in the data and business analytics team to answer business questions using data. Review processes that pull data from Adwords and input into our data...,70000.0,90000.0,80000.0
233,sydney,Data Analyst,Tata Consultancy Services (TCS),Data migration Test Analyst (Automation experience). Data Analyst,80000.0,90000.0,85000.0
234,sydney,Data Analyst,Datasii,Extensive experience as a Data Analyst,70000.0,90000.0,80000.0
235,sydney,Data Analyst,Munich Re,Data Analyst,70000.0,90000.0,80000.0
236,sydney,Junior Data Scientist,Intellify,"We also believe great data science comes from great teams, so invest continuously in upskilling and cross-training our data scientists, with lunch & learn...",80000.0,100000.0,90000.0
237,sydney,Data Analyst,World Fuel,Sound data entry and analytical skills. Maintaining customer data within both CRM and Invoice databases. Analyzing customer invoice data to identify erroneous...,70000.0,90000.0,80000.0
238,sydney,Data Analyst,Robert Half Australia,As the Data Analyst,600.0,90000.0,45300.0
239,sydney,Analyst,Sydney,Outstanding data extraction and manipulation skills. Interpret and communicate results from data analysis as recommendations to internal customers....,55000.0,65000.0,60000.0
240,Ultimo,Analyst,WEST 1 Australia,"Data organization, processing and interpretation across all agencies and client data sets. Working with large data sets and tools;...",55000.0,65000.0,60000.0
241,Ultimo,Data Analyst,ANZ Banking Group,Our Data Analyst,70000.0,90000.0,80000.0
242,Ultimo,Data Scientist,Domain Group,Prior experience creating beautiful data visualisations. As a Data Scientist,,,
243,Ultimo,Data Analyst,AMP Ltd,We are currently looking for two Data Analyst,70000.0,90000.0,80000.0
244,Ultimo,Data Analyst,Amazon.com,As a Data Analyst,70000.0,90000.0,80000.0
245,Ultimo,Data Analyst,"Department of Finance, Services & Innovation",Cleanse and prepare multiple sources of data for matching and,70000.0,90000.0,80000.0
246,Ultimo,Data Analyst,BT Financial Group,"In this role you will you will work closely with the Manager to validate all regulatory responses including formal notices for data from APRA and ASIC, and...",70000.0,90000.0,80000.0
247,Ultimo,Junior Data Scientist,The Eclair Group,Industry experience as a Data Analyst,70000.0,90000.0,80000.0
248,Ultimo,Data Analyst,OpenAgent,Working in the data and business analytics team to answer business questions using data. Review processes that pull data from Adwords and input into our data...,70000.0,90000.0,80000.0
249,Ultimo,Data Analyst,Tata Consultancy Services (TCS),Data migration Test Analyst (Automation experience). Data Analyst,80000.0,90000.0,85000.0
250,Ultimo,Data Analyst,Datasii,Extensive experience as a Data Analyst,70000.0,90000.0,80000.0
251,Ultimo,Data Analyst,Munich Re,Data Analyst,70000.0,90000.0,80000.0
252,Ultimo,Junior Data Scientist,Intellify,"We also believe great data science comes from great teams, so invest continuously in upskilling and cross-training our data scientists, with lunch & learn...",80000.0,100000.0,90000.0
253,Ultimo,Data Analyst,World Fuel,Sound data entry and analytical skills. Maintaining customer data within both CRM and Invoice databases. Analyzing customer invoice data to identify erroneous...,70000.0,90000.0,80000.0
254,Ultimo,Data Analyst,Robert Half Australia,As the Data Analyst,600.0,90000.0,45300.0
255,Ultimo,Analyst,Sydney,Outstanding data extraction and manipulation skills. Interpret and communicate results from data analysis as recommendations to internal customers....,55000.0,65000.0,60000.0
256,sydney,Analyst,WEST 1 Australia,"Data organization, processing and interpretation across all agencies and client data sets. Working with large data sets and tools;...",55000.0,65000.0,60000.0
257,sydney,Data Analyst,ANZ Banking Group,Our Data Analyst,70000.0,90000.0,80000.0
258,sydney,Data Scientist,Domain Group,Prior experience creating beautiful data visualisations. As a Data Scientist,,,
259,sydney,Data Analyst,AMP Ltd,We are currently looking for two Data Analyst,70000.0,90000.0,80000.0
260,sydney,Data Analyst,Amazon.com,As a Data Analyst,70000.0,90000.0,80000.0
261,sydney,Data Analyst,"Department of Finance, Services & Innovation",Cleanse and prepare multiple sources of data for matching and,70000.0,90000.0,80000.0
262,sydney,Data Analyst,BT Financial Group,"In this role you will you will work closely with the Manager to validate all regulatory responses including formal notices for data from APRA and ASIC, and...",70000.0,90000.0,80000.0
263,sydney,Junior Data Scientist,The Eclair Group,Industry experience as a Data Analyst,70000.0,90000.0,80000.0
264,sydney,Data Analyst,OpenAgent,Working in the data and business analytics team to answer business questions using data. Review processes that pull data from Adwords and input into our data...,70000.0,90000.0,80000.0
265,sydney,Data Analyst,Tata Consultancy Services (TCS),Data migration Test Analyst (Automation experience). Data Analyst,80000.0,90000.0,85000.0
266,sydney,Data Analyst,Datasii,Extensive experience as a Data Analyst,70000.0,90000.0,80000.0
267,sydney,Data Analyst,Munich Re,Data Analyst,70000.0,90000.0,80000.0
268,sydney,Junior Data Scientist,Intellify,"We also believe great data science comes from great teams, so invest continuously in upskilling and cross-training our data scientists, with lunch & learn...",80000.0,100000.0,90000.0
269,sydney,Data Analyst,World Fuel,Sound data entry and analytical skills. Maintaining customer data within both CRM and Invoice databases. Analyzing customer invoice data to identify erroneous...,70000.0,90000.0,80000.0
270,sydney,Data Analyst,Robert Half Australia,As the Data Analyst,600.0,90000.0,45300.0
271,sydney,Analyst,Sydney,Outstanding data extraction and manipulation skills. Interpret and communicate results from data analysis as recommendations to internal customers....,55000.0,65000.0,60000.0
272,Darlinghurst+NSW,Analyst,WEST 1 Australia,"Data organization, processing and interpretation across all agencies and client data sets. Working with large data sets and tools;...",55000.0,65000.0,60000.0
273,Darlinghurst+NSW,Data Analyst,ANZ Banking Group,Our Data Analyst,70000.0,90000.0,80000.0
274,Darlinghurst+NSW,Data Scientist,Domain Group,Prior experience creating beautiful data visualisations. As a Data Scientist,,,
275,Darlinghurst+NSW,Data Analyst,AMP Ltd,We are currently looking for two Data Analyst,70000.0,90000.0,80000.0
276,Darlinghurst+NSW,Data Analyst,Amazon.com,As a Data Analyst,70000.0,90000.0,80000.0
277,Darlinghurst+NSW,Data Analyst,"Department of Finance, Services & Innovation",Cleanse and prepare multiple sources of data for matching and,70000.0,90000.0,80000.0
278,Darlinghurst+NSW,Data Analyst,BT Financial Group,"In this role you will you will work closely with the Manager to validate all regulatory responses including formal notices for data from APRA and ASIC, and...",70000.0,90000.0,80000.0
279,Darlinghurst+NSW,Junior Data Scientist,The Eclair Group,Industry experience as a Data Analyst,70000.0,90000.0,80000.0
280,Darlinghurst+NSW,Data Analyst,OpenAgent,Working in the data and business analytics team to answer business questions using data. Review processes that pull data from Adwords and input into our data...,70000.0,90000.0,80000.0
281,Darlinghurst+NSW,Data Analyst,Tata Consultancy Services (TCS),Data migration Test Analyst (Automation experience). Data Analyst,80000.0,90000.0,85000.0
282,Darlinghurst+NSW,Data Analyst,Datasii,Extensive experience as a Data Analyst,70000.0,90000.0,80000.0
283,Darlinghurst+NSW,Data Analyst,Munich Re,Data Analyst,70000.0,90000.0,80000.0
284,Darlinghurst+NSW,Junior Data Scientist,Intellify,"We also believe great data science comes from great teams, so invest continuously in upskilling and cross-training our data scientists, with lunch & learn...",80000.0,100000.0,90000.0
285,Darlinghurst+NSW,Data Analyst,World Fuel,Sound data entry and analytical skills. Maintaining customer data within both CRM and Invoice databases. Analyzing customer invoice data to identify erroneous...,70000.0,90000.0,80000.0
286,Darlinghurst+NSW,Data Analyst,Robert Half Australia,As the Data Analyst,600.0,90000.0,45300.0
287,Darlinghurst+NSW,Analyst,Sydney,Outstanding data extraction and manipulation skills. Interpret and communicate results from data analysis as recommendations to internal customers....,55000.0,65000.0,60000.0
288,Barangaroo,Analyst,WEST 1 Australia,"Data organization, processing and interpretation across all agencies and client data sets. Working with large data sets and tools;...",55000.0,65000.0,60000.0
289,Barangaroo,Data Analyst,ANZ Banking Group,Our Data Analyst,70000.0,90000.0,80000.0
290,Barangaroo,Data Scientist,Domain Group,Prior experience creating beautiful data visualisations. As a Data Scientist,,,
291,Barangaroo,Data Analyst,AMP Ltd,We are currently looking for two Data Analyst,70000.0,90000.0,80000.0
292,Barangaroo,Data Analyst,Amazon.com,As a Data Analyst,70000.0,90000.0,80000.0
293,Barangaroo,Data Analyst,"Department of Finance, Services & Innovation",Cleanse and prepare multiple sources of data for matching and,70000.0,90000.0,80000.0
294,Barangaroo,Data Analyst,BT Financial Group,"In this role you will you will work closely with the Manager to validate all regulatory responses including formal notices for data from APRA and ASIC, and...",70000.0,90000.0,80000.0
295,Barangaroo,Junior Data Scientist,The Eclair Group,Industry experience as a Data Analyst,70000.0,90000.0,80000.0
296,Barangaroo,Data Analyst,OpenAgent,Working in the data and business analytics team to answer business questions using data. Review processes that pull data from Adwords and input into our data...,70000.0,90000.0,80000.0
297,Barangaroo,Data Analyst,Tata Consultancy Services (TCS),Data migration Test Analyst (Automation experience). Data Analyst,80000.0,90000.0,85000.0
298,Barangaroo,Data Analyst,Datasii,Extensive experience as a Data Analyst,70000.0,90000.0,80000.0
299,Barangaroo,Data Analyst,Munich Re,Data Analyst,70000.0,90000.0,80000.0
300,Barangaroo,Junior Data Scientist,Intellify,"We also believe great data science comes from great teams, so invest continuously in upskilling and cross-training our data scientists, with lunch & learn...",80000.0,100000.0,90000.0
301,Barangaroo,Data Analyst,World Fuel,Sound data entry and analytical skills. Maintaining customer data within both CRM and Invoice databases. Analyzing customer invoice data to identify erroneous...,70000.0,90000.0,80000.0
302,Barangaroo,Data Analyst,Robert Half Australia,As the Data Analyst,600.0,90000.0,45300.0
303,Barangaroo,Analyst,Sydney,Outstanding data extraction and manipulation skills. Interpret and communicate results from data analysis as recommendations to internal customers....,55000.0,65000.0,60000.0
304,Mascot,Analyst,WEST 1 Australia,"Data organization, processing and interpretation across all agencies and client data sets. Working with large data sets and tools;...",55000.0,65000.0,60000.0
305,Mascot,Data Analyst,ANZ Banking Group,Our Data Analyst,70000.0,90000.0,80000.0
306,Mascot,Data Scientist,Domain Group,Prior experience creating beautiful data visualisations. As a Data Scientist,,,
307,Mascot,Data Analyst,AMP Ltd,We are currently looking for two Data Analyst,70000.0,90000.0,80000.0
308,Mascot,Data Analyst,Amazon.com,As a Data Analyst,70000.0,90000.0,80000.0
309,Mascot,Data Analyst,"Department of Finance, Services & Innovation",Cleanse and prepare multiple sources of data for matching and,70000.0,90000.0,80000.0
310,Mascot,Data Analyst,BT Financial Group,"In this role you will you will work closely with the Manager to validate all regulatory responses including formal notices for data from APRA and ASIC, and...",70000.0,90000.0,80000.0
311,Mascot,Junior Data Scientist,The Eclair Group,Industry experience as a Data Analyst,70000.0,90000.0,80000.0
312,Mascot,Data Analyst,OpenAgent,Working in the data and business analytics team to answer business questions using data. Review processes that pull data from Adwords and input into our data...,70000.0,90000.0,80000.0
313,Mascot,Data Analyst,Tata Consultancy Services (TCS),Data migration Test Analyst (Automation experience). Data Analyst,80000.0,90000.0,85000.0
314,Mascot,Data Analyst,Datasii,Extensive experience as a Data Analyst,70000.0,90000.0,80000.0
315,Mascot,Data Analyst,Munich Re,Data Analyst,70000.0,90000.0,80000.0
316,Mascot,Junior Data Scientist,Intellify,"We also believe great data science comes from great teams, so invest continuously in upskilling and cross-training our data scientists, with lunch & learn...",80000.0,100000.0,90000.0
317,Mascot,Data Analyst,World Fuel,Sound data entry and analytical skills. Maintaining customer data within both CRM and Invoice databases. Analyzing customer invoice data to identify erroneous...,70000.0,90000.0,80000.0
318,Mascot,Data Analyst,Robert Half Australia,As the Data Analyst,600.0,90000.0,45300.0
319,Mascot,Analyst,Sydney,Outstanding data extraction and manipulation skills. Interpret and communicate results from data analysis as recommendations to internal customers....,55000.0,65000.0,60000.0
320,Parramatta,Analyst,WEST 1 Australia,"Data organization, processing and interpretation across all agencies and client data sets. Working with large data sets and tools;...",55000.0,65000.0,60000.0
321,Parramatta,Data Analyst,ANZ Banking Group,Our Data Analyst,70000.0,90000.0,80000.0
322,Parramatta,Data Scientist,Domain Group,Prior experience creating beautiful data visualisations. As a Data Scientist,,,
323,Parramatta,Data Analyst,AMP Ltd,We are currently looking for two Data Analyst,70000.0,90000.0,80000.0
324,Parramatta,Data Analyst,Amazon.com,As a Data Analyst,70000.0,90000.0,80000.0
325,Parramatta,Data Analyst,"Department of Finance, Services & Innovation",Cleanse and prepare multiple sources of data for matching and,70000.0,90000.0,80000.0
326,Parramatta,Data Analyst,BT Financial Group,"In this role you will you will work closely with the Manager to validate all regulatory responses including formal notices for data from APRA and ASIC, and...",70000.0,90000.0,80000.0
327,Parramatta,Junior Data Scientist,The Eclair Group,Industry experience as a Data Analyst,70000.0,90000.0,80000.0
328,Parramatta,Data Analyst,OpenAgent,Working in the data and business analytics team to answer business questions using data. Review processes that pull data from Adwords and input into our data...,70000.0,90000.0,80000.0
329,Parramatta,Data Analyst,Tata Consultancy Services (TCS),Data migration Test Analyst (Automation experience). Data Analyst,80000.0,90000.0,85000.0
330,Parramatta,Data Analyst,Datasii,Extensive experience as a Data Analyst,70000.0,90000.0,80000.0
331,Parramatta,Data Analyst,Munich Re,Data Analyst,70000.0,90000.0,80000.0
332,Parramatta,Junior Data Scientist,Intellify,"We also believe great data science comes from great teams, so invest continuously in upskilling and cross-training our data scientists, with lunch & learn...",80000.0,100000.0,90000.0
333,Parramatta,Data Analyst,World Fuel,Sound data entry and analytical skills. Maintaining customer data within both CRM and Invoice databases. Analyzing customer invoice data to identify erroneous...,70000.0,90000.0,80000.0
334,Parramatta,Data Analyst,Robert Half Australia,As the Data Analyst,600.0,90000.0,45300.0
335,Parramatta,Analyst,Sydney,Outstanding data extraction and manipulation skills. Interpret and communicate results from data analysis as recommendations to internal customers....,55000.0,65000.0,60000.0
336,Surry Hills,Analyst,WEST 1 Australia,"Data organization, processing and interpretation across all agencies and client data sets. Working with large data sets and tools;...",55000.0,65000.0,60000.0
337,Surry Hills,Data Analyst,ANZ Banking Group,Our Data Analyst,70000.0,90000.0,80000.0
338,Surry Hills,Data Scientist,Domain Group,Prior experience creating beautiful data visualisations. As a Data Scientist,,,
339,Surry Hills,Data Analyst,AMP Ltd,We are currently looking for two Data Analyst,70000.0,90000.0,80000.0
340,Surry Hills,Data Analyst,Amazon.com,As a Data Analyst,70000.0,90000.0,80000.0
341,Surry Hills,Data Analyst,"Department of Finance, Services & Innovation",Cleanse and prepare multiple sources of data for matching and,70000.0,90000.0,80000.0
342,Surry Hills,Data Analyst,BT Financial Group,"In this role you will you will work closely with the Manager to validate all regulatory responses including formal notices for data from APRA and ASIC, and...",70000.0,90000.0,80000.0
343,Surry Hills,Junior Data Scientist,The Eclair Group,Industry experience as a Data Analyst,70000.0,90000.0,80000.0
344,Surry Hills,Data Analyst,OpenAgent,Working in the data and business analytics team to answer business questions using data. Review processes that pull data from Adwords and input into our data...,70000.0,90000.0,80000.0
345,Surry Hills,Data Analyst,Tata Consultancy Services (TCS),Data migration Test Analyst (Automation experience). Data Analyst,80000.0,90000.0,85000.0
346,Surry Hills,Data Analyst,Datasii,Extensive experience as a Data Analyst,70000.0,90000.0,80000.0
347,Surry Hills,Data Analyst,Munich Re,Data Analyst,70000.0,90000.0,80000.0
348,Surry Hills,Junior Data Scientist,Intellify,"We also believe great data science comes from great teams, so invest continuously in upskilling and cross-training our data scientists, with lunch & learn...",80000.0,100000.0,90000.0
349,Surry Hills,Data Analyst,World Fuel,Sound data entry and analytical skills. Maintaining customer data within both CRM and Invoice databases. Analyzing customer invoice data to identify erroneous...,70000.0,90000.0,80000.0
350,Surry Hills,Data Analyst,Robert Half Australia,As the Data Analyst,600.0,90000.0,45300.0
351,Surry Hills,Analyst,Sydney,Outstanding data extraction and manipulation skills. Interpret and communicate results from data analysis as recommendations to internal customers....,55000.0,65000.0,60000.0
352,Macquarie Park,Analyst,WEST 1 Australia,"Data organization, processing and interpretation across all agencies and client data sets. Working with large data sets and tools;...",55000.0,65000.0,60000.0
353,Macquarie Park,Data Analyst,ANZ Banking Group,Our Data Analyst,70000.0,90000.0,80000.0
354,Macquarie Park,Data Scientist,Domain Group,Prior experience creating beautiful data visualisations. As a Data Scientist,,,
355,Macquarie Park,Data Analyst,AMP Ltd,We are currently looking for two Data Analyst,70000.0,90000.0,80000.0
356,Macquarie Park,Data Analyst,Amazon.com,As a Data Analyst,70000.0,90000.0,80000.0
357,Macquarie Park,Data Analyst,"Department of Finance, Services & Innovation",Cleanse and prepare multiple sources of data for matching and,70000.0,90000.0,80000.0
358,Macquarie Park,Data Analyst,BT Financial Group,"In this role you will you will work closely with the Manager to validate all regulatory responses including formal notices for data from APRA and ASIC, and...",70000.0,90000.0,80000.0
359,Macquarie Park,Junior Data Scientist,The Eclair Group,Industry experience as a Data Analyst,70000.0,90000.0,80000.0
360,Macquarie Park,Data Analyst,OpenAgent,Working in the data and business analytics team to answer business questions using data. Review processes that pull data from Adwords and input into our data...,70000.0,90000.0,80000.0
361,Macquarie Park,Data Analyst,Tata Consultancy Services (TCS),Data migration Test Analyst (Automation experience). Data Analyst,80000.0,90000.0,85000.0
362,Macquarie Park,Data Analyst,Datasii,Extensive experience as a Data Analyst,70000.0,90000.0,80000.0
363,Macquarie Park,Data Analyst,Munich Re,Data Analyst,70000.0,90000.0,80000.0
364,Macquarie Park,Junior Data Scientist,Intellify,"We also believe great data science comes from great teams, so invest continuously in upskilling and cross-training our data scientists, with lunch & learn...",80000.0,100000.0,90000.0
365,Macquarie Park,Data Analyst,World Fuel,Sound data entry and analytical skills. Maintaining customer data within both CRM and Invoice databases. Analyzing customer invoice data to identify erroneous...,70000.0,90000.0,80000.0
366,Macquarie Park,Data Analyst,Robert Half Australia,As the Data Analyst,600.0,90000.0,45300.0
367,Macquarie Park,Analyst,Sydney,Outstanding data extraction and manipulation skills. Interpret and communicate results from data analysis as recommendations to internal customers....,55000.0,65000.0,60000.0
368,sydney,Analyst,WEST 1 Australia,"Data organization, processing and interpretation across all agencies and client data sets. Working with large data sets and tools;...",55000.0,65000.0,60000.0
369,sydney,Data Analyst,ANZ Banking Group,Our Data Analyst,70000.0,90000.0,80000.0
370,sydney,Data Scientist,Domain Group,Prior experience creating beautiful data visualisations. As a Data Scientist,,,
371,sydney,Data Analyst,AMP Ltd,We are currently looking for two Data Analyst,70000.0,90000.0,80000.0
372,sydney,Data Analyst,Amazon.com,As a Data Analyst,70000.0,90000.0,80000.0
373,sydney,Data Analyst,"Department of Finance, Services & Innovation",Cleanse and prepare multiple sources of data for matching and,70000.0,90000.0,80000.0
374,sydney,Data Analyst,BT Financial Group,"In this role you will you will work closely with the Manager to validate all regulatory responses including formal notices for data from APRA and ASIC, and...",70000.0,90000.0,80000.0
375,sydney,Junior Data Scientist,The Eclair Group,Industry experience as a Data Analyst,70000.0,90000.0,80000.0
376,sydney,Data Analyst,OpenAgent,Working in the data and business analytics team to answer business questions using data. Review processes that pull data from Adwords and input into our data...,70000.0,90000.0,80000.0
377,sydney,Data Analyst,Tata Consultancy Services (TCS),Data migration Test Analyst (Automation experience). Data Analyst,80000.0,90000.0,85000.0
378,sydney,Data Analyst,Datasii,Extensive experience as a Data Analyst,70000.0,90000.0,80000.0
379,sydney,Data Analyst,Munich Re,Data Analyst,70000.0,90000.0,80000.0
380,sydney,Junior Data Scientist,Intellify,"We also believe great data science comes from great teams, so invest continuously in upskilling and cross-training our data scientists, with lunch & learn...",80000.0,100000.0,90000.0
381,sydney,Data Analyst,World Fuel,Sound data entry and analytical skills. Maintaining customer data within both CRM and Invoice databases. Analyzing customer invoice data to identify erroneous...,70000.0,90000.0,80000.0
382,sydney,Data Analyst,Robert Half Australia,As the Data Analyst,600.0,90000.0,45300.0
383,sydney,Analyst,Sydney,Outstanding data extraction and manipulation skills. Interpret and communicate results from data analysis as recommendations to internal customers....,55000.0,65000.0,60000.0
384,Hills District,Analyst,WEST 1 Australia,"Data organization, processing and interpretation across all agencies and client data sets. Working with large data sets and tools;...",55000.0,65000.0,60000.0
385,Hills District,Data Analyst,ANZ Banking Group,Our Data Analyst,70000.0,90000.0,80000.0
386,Hills District,Data Scientist,Domain Group,Prior experience creating beautiful data visualisations. As a Data Scientist,,,
387,Hills District,Data Analyst,AMP Ltd,We are currently looking for two Data Analyst,70000.0,90000.0,80000.0
388,Hills District,Data Analyst,Amazon.com,As a Data Analyst,70000.0,90000.0,80000.0
389,Hills District,Data Analyst,"Department of Finance, Services & Innovation",Cleanse and prepare multiple sources of data for matching and,70000.0,90000.0,80000.0
390,Hills District,Data Analyst,BT Financial Group,"In this role you will you will work closely with the Manager to validate all regulatory responses including formal notices for data from APRA and ASIC, and...",70000.0,90000.0,80000.0
391,Hills District,Junior Data Scientist,The Eclair Group,Industry experience as a Data Analyst,70000.0,90000.0,80000.0
392,Hills District,Data Analyst,OpenAgent,Working in the data and business analytics team to answer business questions using data. Review processes that pull data from Adwords and input into our data...,70000.0,90000.0,80000.0
393,Hills District,Data Analyst,Tata Consultancy Services (TCS),Data migration Test Analyst (Automation experience). Data Analyst,80000.0,90000.0,85000.0
394,Hills District,Data Analyst,Datasii,Extensive experience as a Data Analyst,70000.0,90000.0,80000.0
395,Hills District,Data Analyst,Munich Re,Data Analyst,70000.0,90000.0,80000.0
396,Hills District,Junior Data Scientist,Intellify,"We also believe great data science comes from great teams, so invest continuously in upskilling and cross-training our data scientists, with lunch & learn...",80000.0,100000.0,90000.0
397,Hills District,Data Analyst,World Fuel,Sound data entry and analytical skills. Maintaining customer data within both CRM and Invoice databases. Analyzing customer invoice data to identify erroneous...,70000.0,90000.0,80000.0
398,Hills District,Data Analyst,Robert Half Australia,As the Data Analyst,600.0,90000.0,45300.0
399,Hills District,Analyst,Sydney,Outstanding data extraction and manipulation skills. Interpret and communicate results from data analysis as recommendations to internal customers....,55000.0,65000.0,60000.0
400,sydney,Analyst,WEST 1 Australia,"Data organization, processing and interpretation across all agencies and client data sets. Working with large data sets and tools;...",55000.0,65000.0,60000.0
401,sydney,Data Analyst,ANZ Banking Group,Our Data Analyst,70000.0,90000.0,80000.0
402,sydney,Data Scientist,Domain Group,Prior experience creating beautiful data visualisations. As a Data Scientist,,,
403,sydney,Data Analyst,AMP Ltd,We are currently looking for two Data Analyst,70000.0,90000.0,80000.0
404,sydney,Data Analyst,Amazon.com,As a Data Analyst,70000.0,90000.0,80000.0
405,sydney,Data Analyst,"Department of Finance, Services & Innovation",Cleanse and prepare multiple sources of data for matching and,70000.0,90000.0,80000.0
406,sydney,Data Analyst,BT Financial Group,"In this role you will you will work closely with the Manager to validate all regulatory responses including formal notices for data from APRA and ASIC, and...",70000.0,90000.0,80000.0
407,sydney,Junior Data Scientist,The Eclair Group,Industry experience as a Data Analyst,70000.0,90000.0,80000.0
408,sydney,Data Analyst,OpenAgent,Working in the data and business analytics team to answer business questions using data. Review processes that pull data from Adwords and input into our data...,70000.0,90000.0,80000.0
409,sydney,Data Analyst,Tata Consultancy Services (TCS),Data migration Test Analyst (Automation experience). Data Analyst,80000.0,90000.0,85000.0
410,sydney,Data Analyst,Datasii,Extensive experience as a Data Analyst,70000.0,90000.0,80000.0
411,sydney,Data Analyst,Munich Re,Data Analyst,70000.0,90000.0,80000.0
412,sydney,Junior Data Scientist,Intellify,"We also believe great data science comes from great teams, so invest continuously in upskilling and cross-training our data scientists, with lunch & learn...",80000.0,100000.0,90000.0
413,sydney,Data Analyst,World Fuel,Sound data entry and analytical skills. Maintaining customer data within both CRM and Invoice databases. Analyzing customer invoice data to identify erroneous...,70000.0,90000.0,80000.0
414,sydney,Data Analyst,Robert Half Australia,As the Data Analyst,600.0,90000.0,45300.0
415,sydney,Analyst,Sydney,Outstanding data extraction and manipulation skills. Interpret and communicate results from data analysis as recommendations to internal customers....,55000.0,65000.0,60000.0
416,Sydney,Analyst,WEST 1 Australia,"Data organization, processing and interpretation across all agencies and client data sets. Working with large data sets and tools;...",55000.0,65000.0,60000.0
417,Sydney,Data Analyst,ANZ Banking Group,Our Data Analyst,70000.0,90000.0,80000.0
418,Sydney,Data Scientist,Domain Group,Prior experience creating beautiful data visualisations. As a Data Scientist,,,
419,Sydney,Data Analyst,AMP Ltd,We are currently looking for two Data Analyst,70000.0,90000.0,80000.0
420,Sydney,Data Analyst,Amazon.com,As a Data Analyst,70000.0,90000.0,80000.0
421,Sydney,Data Analyst,"Department of Finance, Services & Innovation",Cleanse and prepare multiple sources of data for matching and,70000.0,90000.0,80000.0
422,Sydney,Data Analyst,BT Financial Group,"In this role you will you will work closely with the Manager to validate all regulatory responses including formal notices for data from APRA and ASIC, and...",70000.0,90000.0,80000.0
423,Sydney,Junior Data Scientist,The Eclair Group,Industry experience as a Data Analyst,70000.0,90000.0,80000.0
424,Sydney,Data Analyst,OpenAgent,Working in the data and business analytics team to answer business questions using data. Review processes that pull data from Adwords and input into our data...,70000.0,90000.0,80000.0
425,Sydney,Data Analyst,Tata Consultancy Services (TCS),Data migration Test Analyst (Automation experience). Data Analyst,80000.0,90000.0,85000.0
426,Sydney,Data Analyst,Datasii,Extensive experience as a Data Analyst,70000.0,90000.0,80000.0
427,Sydney,Data Analyst,Munich Re,Data Analyst,70000.0,90000.0,80000.0
428,Sydney,Junior Data Scientist,Intellify,"We also believe great data science comes from great teams, so invest continuously in upskilling and cross-training our data scientists, with lunch & learn...",80000.0,100000.0,90000.0
429,Sydney,Data Analyst,World Fuel,Sound data entry and analytical skills. Maintaining customer data within both CRM and Invoice databases. Analyzing customer invoice data to identify erroneous...,70000.0,90000.0,80000.0
430,Sydney,Data Analyst,Robert Half Australia,As the Data Analyst,600.0,90000.0,45300.0
431,Sydney,Analyst,Sydney,Outstanding data extraction and manipulation skills. Interpret and communicate results from data analysis as recommendations to internal customers....,55000.0,65000.0,60000.0
432,Melbourne,Analyst,WEST 1 Australia,"Data organization, processing and interpretation across all agencies and client data sets. Working with large data sets and tools;...",55000.0,65000.0,60000.0
433,Melbourne,Data Analyst,ANZ Banking Group,Our Data Analyst,70000.0,90000.0,80000.0
434,Melbourne,Data Scientist,Domain Group,Prior experience creating beautiful data visualisations. As a Data Scientist,,,
435,Melbourne,Data Analyst,AMP Ltd,We are currently looking for two Data Analyst,70000.0,90000.0,80000.0
436,Melbourne,Data Analyst,Amazon.com,As a Data Analyst,70000.0,90000.0,80000.0
437,Melbourne,Data Analyst,"Department of Finance, Services & Innovation",Cleanse and prepare multiple sources of data for matching and,70000.0,90000.0,80000.0
438,Melbourne,Data Analyst,BT Financial Group,"In this role you will you will work closely with the Manager to validate all regulatory responses including formal notices for data from APRA and ASIC, and...",70000.0,90000.0,80000.0
439,Melbourne,Junior Data Scientist,The Eclair Group,Industry experience as a Data Analyst,70000.0,90000.0,80000.0
440,Melbourne,Data Analyst,OpenAgent,Working in the data and business analytics team to answer business questions using data. Review processes that pull data from Adwords and input into our data...,70000.0,90000.0,80000.0
441,Melbourne,Data Analyst,Tata Consultancy Services (TCS),Data migration Test Analyst (Automation experience). Data Analyst,80000.0,90000.0,85000.0
442,Melbourne,Data Analyst,Datasii,Extensive experience as a Data Analyst,70000.0,90000.0,80000.0
443,Melbourne,Data Analyst,Munich Re,Data Analyst,70000.0,90000.0,80000.0
444,Melbourne,Junior Data Scientist,Intellify,"We also believe great data science comes from great teams, so invest continuously in upskilling and cross-training our data scientists, with lunch & learn...",80000.0,100000.0,90000.0
445,Melbourne,Data Analyst,World Fuel,Sound data entry and analytical skills. Maintaining customer data within both CRM and Invoice databases. Analyzing customer invoice data to identify erroneous...,70000.0,90000.0,80000.0
446,Melbourne,Data Analyst,Robert Half Australia,As the Data Analyst,600.0,90000.0,45300.0
447,Melbourne,Analyst,Sydney,Outstanding data extraction and manipulation skills. Interpret and communicate results from data analysis as recommendations to internal customers....,55000.0,65000.0,60000.0
