,city,job_title,company_name,summary,salary_lower,salary_upper,mean_salary,Analyst,Data Analyst,Data Scientist,Junior Data Scientist
0,Sydney,Data Scientist,Domain Group,As a Data Scientist,82500.0,112500.0,97500.0,0,0,1,0
1,Sydney,Data Scientist,ANZ Banking Group,As the Data Scientist,82500.0,112500.0,97500.0,0,0,1,0
3,Sydney,Junior Data Scientist,Intellify,We also believe great Data Scientist,80000.0,100000.0,90000.0,0,0,0,1
4,Sydney,Junior Data Scientist,The Eclair Group,Industry experience as a Data Analyst or Junior Data Scientist,70000.0,90000.0,80000.0,0,0,0,1
5,Sydney,Data Scientist,Investigations & Counter Terrorism,Data Scientist,82500.0,112500.0,97500.0,0,0,1,0
6,Sydney,Junior Data Scientist,Sirius People ,Opportunity to start your career in Data Scientist,70000.0,90000.0,80000.0,0,0,0,1
7,Sydney,Data Scientist,DataRobot,Data Scientist,82500.0,112500.0,97500.0,0,0,1,0
8,Sydney,Data Scientist,Datasii,Experience as a Data Scientist,100000.0,115000.0,107500.0,0,0,1,0
9,Sydney,Data Scientist,Freelancer.com,Proven experience as a Data Scientist,65000.0,110000.0,87500.0,0,0,1,0
10,Sydney,Data Scientist,Freshwater Group,The Data Scientist,82500.0,112500.0,97500.0,0,0,1,0
11,Sydney,Data Scientist,CPT Global,Strong experience working as a Data Scientist,82500.0,112500.0,97500.0,0,0,1,0
12,Sydney,Data Scientist,Ikon,Provide tangible support to Senior Data Scientist,82500.0,112500.0,97500.0,0,0,1,0
13,Sydney,Data Scientist,Sydney,Undertake proactive analysis of customer Data Scientist,82500.0,112500.0,97500.0,0,0,1,0
14,Sydney,Junior Data Scientist,HIVERY,Our team of Data Scientist,60000.0,85000.0,72500.0,0,0,0,1
15,Ultimo,Data Scientist,Domain Group,As a Data Scientist,82500.0,112500.0,97500.0,0,0,1,0
16,Ultimo,Data Scientist,ANZ Banking Group,As the Data Scientist,82500.0,112500.0,97500.0,0,0,1,0
18,Ultimo,Junior Data Scientist,Intellify,We also believe great Data Scientist,80000.0,100000.0,90000.0,0,0,0,1
19,Ultimo,Junior Data Scientist,The Eclair Group,Industry experience as a Data Analyst or Junior Data Scientist,70000.0,90000.0,80000.0,0,0,0,1
20,Ultimo,Data Scientist,Investigations & Counter Terrorism,Data Scientist,82500.0,112500.0,97500.0,0,0,1,0
21,Ultimo,Junior Data Scientist,Sirius People ,Opportunity to start your career in Data Scientist,70000.0,90000.0,80000.0,0,0,0,1
22,Ultimo,Data Scientist,DataRobot,Data Scientist,82500.0,112500.0,97500.0,0,0,1,0
23,Ultimo,Data Scientist,Datasii,Experience as a Data Scientist,100000.0,115000.0,107500.0,0,0,1,0
24,Ultimo,Data Scientist,Freelancer.com,Proven experience as a Data Scientist,65000.0,110000.0,87500.0,0,0,1,0
25,Ultimo,Data Scientist,Freshwater Group,The Data Scientist,82500.0,112500.0,97500.0,0,0,1,0
26,Ultimo,Data Scientist,CPT Global,Strong experience working as a Data Scientist,82500.0,112500.0,97500.0,0,0,1,0
27,Ultimo,Data Scientist,Ikon,Provide tangible support to Senior Data Scientist,82500.0,112500.0,97500.0,0,0,1,0
28,Ultimo,Data Scientist,Sydney,Undertake proactive analysis of customer Data Scientist,82500.0,112500.0,97500.0,0,0,1,0
29,Ultimo,Junior Data Scientist,HIVERY,Our team of Data Scientist,60000.0,85000.0,72500.0,0,0,0,1
30,Sydney,Data Scientist,Domain Group,As a Data Scientist,82500.0,112500.0,97500.0,0,0,1,0
31,Sydney,Data Scientist,ANZ Banking Group,As the Data Scientist,82500.0,112500.0,97500.0,0,0,1,0
33,Sydney,Junior Data Scientist,Intellify,We also believe great Data Scientist,80000.0,100000.0,90000.0,0,0,0,1
34,Sydney,Junior Data Scientist,The Eclair Group,Industry experience as a Data Analyst or Junior Data Scientist,70000.0,90000.0,80000.0,0,0,0,1
35,Sydney,Data Scientist,Investigations & Counter Terrorism,Data Scientist,82500.0,112500.0,97500.0,0,0,1,0
36,Sydney,Junior Data Scientist,Sirius People ,Opportunity to start your career in Data Scientist,70000.0,90000.0,80000.0,0,0,0,1
37,Sydney,Data Scientist,DataRobot,Data Scientist,82500.0,112500.0,97500.0,0,0,1,0
38,Sydney,Data Scientist,Datasii,Experience as a Data Scientist,100000.0,115000.0,107500.0,0,0,1,0
39,Sydney,Data Scientist,Freelancer.com,Proven experience as a Data Scientist,65000.0,110000.0,87500.0,0,0,1,0
40,Sydney,Data Scientist,Freshwater Group,The Data Scientist,82500.0,112500.0,97500.0,0,0,1,0
41,Sydney,Data Scientist,CPT Global,Strong experience working as a Data Scientist,82500.0,112500.0,97500.0,0,0,1,0
42,Sydney,Data Scientist,Ikon,Provide tangible support to Senior Data Scientist,82500.0,112500.0,97500.0,0,0,1,0
43,Sydney,Data Scientist,Sydney,Undertake proactive analysis of customer Data Scientist,82500.0,112500.0,97500.0,0,0,1,0
44,Sydney,Junior Data Scientist,HIVERY,Our team of Data Scientist,60000.0,85000.0,72500.0,0,0,0,1
45,Darlinghurst,Data Scientist,Domain Group,As a Data Scientist,82500.0,112500.0,97500.0,0,0,1,0
46,Darlinghurst,Data Scientist,ANZ Banking Group,As the Data Scientist,82500.0,112500.0,97500.0,0,0,1,0
48,Darlinghurst,Junior Data Scientist,Intellify,We also believe great Data Scientist,80000.0,100000.0,90000.0,0,0,0,1
49,Darlinghurst,Junior Data Scientist,The Eclair Group,Industry experience as a Data Analyst or Junior Data Scientist,70000.0,90000.0,80000.0,0,0,0,1
50,Darlinghurst,Data Scientist,Investigations & Counter Terrorism,Data Scientist,82500.0,112500.0,97500.0,0,0,1,0
51,Darlinghurst,Junior Data Scientist,Sirius People ,Opportunity to start your career in Data Scientist,70000.0,90000.0,80000.0,0,0,0,1
52,Darlinghurst,Data Scientist,DataRobot,Data Scientist,82500.0,112500.0,97500.0,0,0,1,0
53,Darlinghurst,Data Scientist,Datasii,Experience as a Data Scientist,100000.0,115000.0,107500.0,0,0,1,0
54,Darlinghurst,Data Scientist,Freelancer.com,Proven experience as a Data Scientist,65000.0,110000.0,87500.0,0,0,1,0
55,Darlinghurst,Data Scientist,Freshwater Group,The Data Scientist,82500.0,112500.0,97500.0,0,0,1,0
56,Darlinghurst,Data Scientist,CPT Global,Strong experience working as a Data Scientist,82500.0,112500.0,97500.0,0,0,1,0
57,Darlinghurst,Data Scientist,Ikon,Provide tangible support to Senior Data Scientist,82500.0,112500.0,97500.0,0,0,1,0
58,Darlinghurst,Data Scientist,Sydney,Undertake proactive analysis of customer Data Scientist,82500.0,112500.0,97500.0,0,0,1,0
59,Darlinghurst,Junior Data Scientist,HIVERY,Our team of Data Scientist,60000.0,85000.0,72500.0,0,0,0,1
60,Barangaroo,Data Scientist,Domain Group,As a Data Scientist,82500.0,112500.0,97500.0,0,0,1,0
61,Barangaroo,Data Scientist,ANZ Banking Group,As the Data Scientist,82500.0,112500.0,97500.0,0,0,1,0
63,Barangaroo,Junior Data Scientist,Intellify,We also believe great Data Scientist,80000.0,100000.0,90000.0,0,0,0,1
64,Barangaroo,Junior Data Scientist,The Eclair Group,Industry experience as a Data Analyst or Junior Data Scientist,70000.0,90000.0,80000.0,0,0,0,1
65,Barangaroo,Data Scientist,Investigations & Counter Terrorism,Data Scientist,82500.0,112500.0,97500.0,0,0,1,0
66,Barangaroo,Junior Data Scientist,Sirius People ,Opportunity to start your career in Data Scientist,70000.0,90000.0,80000.0,0,0,0,1
67,Barangaroo,Data Scientist,DataRobot,Data Scientist,82500.0,112500.0,97500.0,0,0,1,0
68,Barangaroo,Data Scientist,Datasii,Experience as a Data Scientist,100000.0,115000.0,107500.0,0,0,1,0
69,Barangaroo,Data Scientist,Freelancer.com,Proven experience as a Data Scientist,65000.0,110000.0,87500.0,0,0,1,0
70,Barangaroo,Data Scientist,Freshwater Group,The Data Scientist,82500.0,112500.0,97500.0,0,0,1,0
71,Barangaroo,Data Scientist,CPT Global,Strong experience working as a Data Scientist,82500.0,112500.0,97500.0,0,0,1,0
72,Barangaroo,Data Scientist,Ikon,Provide tangible support to Senior Data Scientist,82500.0,112500.0,97500.0,0,0,1,0
73,Barangaroo,Data Scientist,Sydney,Undertake proactive analysis of customer Data Scientist,82500.0,112500.0,97500.0,0,0,1,0
74,Barangaroo,Junior Data Scientist,HIVERY,Our team of Data Scientist,60000.0,85000.0,72500.0,0,0,0,1
75,Mascot,Data Scientist,Domain Group,As a Data Scientist,82500.0,112500.0,97500.0,0,0,1,0
76,Mascot,Data Scientist,ANZ Banking Group,As the Data Scientist,82500.0,112500.0,97500.0,0,0,1,0
78,Mascot,Junior Data Scientist,Intellify,We also believe great Data Scientist,80000.0,100000.0,90000.0,0,0,0,1
79,Mascot,Junior Data Scientist,The Eclair Group,Industry experience as a Data Analyst or Junior Data Scientist,70000.0,90000.0,80000.0,0,0,0,1
80,Mascot,Data Scientist,Investigations & Counter Terrorism,Data Scientist,82500.0,112500.0,97500.0,0,0,1,0
81,Mascot,Junior Data Scientist,Sirius People ,Opportunity to start your career in Data Scientist,70000.0,90000.0,80000.0,0,0,0,1
82,Mascot,Data Scientist,DataRobot,Data Scientist,82500.0,112500.0,97500.0,0,0,1,0
83,Mascot,Data Scientist,Datasii,Experience as a Data Scientist,100000.0,115000.0,107500.0,0,0,1,0
84,Mascot,Data Scientist,Freelancer.com,Proven experience as a Data Scientist,65000.0,110000.0,87500.0,0,0,1,0
85,Mascot,Data Scientist,Freshwater Group,The Data Scientist,82500.0,112500.0,97500.0,0,0,1,0
86,Mascot,Data Scientist,CPT Global,Strong experience working as a Data Scientist,82500.0,112500.0,97500.0,0,0,1,0
87,Mascot,Data Scientist,Ikon,Provide tangible support to Senior Data Scientist,82500.0,112500.0,97500.0,0,0,1,0
88,Mascot,Data Scientist,Sydney,Undertake proactive analysis of customer Data Scientist,82500.0,112500.0,97500.0,0,0,1,0
89,Mascot,Junior Data Scientist,HIVERY,Our team of Data Scientist,60000.0,85000.0,72500.0,0,0,0,1
90,Parramatta,Data Scientist,Domain Group,As a Data Scientist,82500.0,112500.0,97500.0,0,0,1,0
91,Parramatta,Data Scientist,ANZ Banking Group,As the Data Scientist,82500.0,112500.0,97500.0,0,0,1,0
93,Parramatta,Junior Data Scientist,Intellify,We also believe great Data Scientist,80000.0,100000.0,90000.0,0,0,0,1
94,Parramatta,Junior Data Scientist,The Eclair Group,Industry experience as a Data Analyst or Junior Data Scientist,70000.0,90000.0,80000.0,0,0,0,1
95,Parramatta,Data Scientist,Investigations & Counter Terrorism,Data Scientist,82500.0,112500.0,97500.0,0,0,1,0
96,Parramatta,Junior Data Scientist,Sirius People ,Opportunity to start your career in Data Scientist,70000.0,90000.0,80000.0,0,0,0,1
97,Parramatta,Data Scientist,DataRobot,Data Scientist,82500.0,112500.0,97500.0,0,0,1,0
98,Parramatta,Data Scientist,Datasii,Experience as a Data Scientist,100000.0,115000.0,107500.0,0,0,1,0
99,Parramatta,Data Scientist,Freelancer.com,Proven experience as a Data Scientist,65000.0,110000.0,87500.0,0,0,1,0
100,Parramatta,Data Scientist,Freshwater Group,The Data Scientist,82500.0,112500.0,97500.0,0,0,1,0
101,Parramatta,Data Scientist,CPT Global,Strong experience working as a Data Scientist,82500.0,112500.0,97500.0,0,0,1,0
102,Parramatta,Data Scientist,Ikon,Provide tangible support to Senior Data Scientist,82500.0,112500.0,97500.0,0,0,1,0
103,Parramatta,Data Scientist,Sydney,Undertake proactive analysis of customer Data Scientist,82500.0,112500.0,97500.0,0,0,1,0
104,Parramatta,Junior Data Scientist,HIVERY,Our team of Data Scientist,60000.0,85000.0,72500.0,0,0,0,1
105,Surry Hills,Data Scientist,Domain Group,As a Data Scientist,82500.0,112500.0,97500.0,0,0,1,0
106,Surry Hills,Data Scientist,ANZ Banking Group,As the Data Scientist,82500.0,112500.0,97500.0,0,0,1,0
108,Surry Hills,Junior Data Scientist,Intellify,We also believe great Data Scientist,80000.0,100000.0,90000.0,0,0,0,1
109,Surry Hills,Junior Data Scientist,The Eclair Group,Industry experience as a Data Analyst or Junior Data Scientist,70000.0,90000.0,80000.0,0,0,0,1
110,Surry Hills,Data Scientist,Investigations & Counter Terrorism,Data Scientist,82500.0,112500.0,97500.0,0,0,1,0
111,Surry Hills,Junior Data Scientist,Sirius People ,Opportunity to start your career in Data Scientist,70000.0,90000.0,80000.0,0,0,0,1
112,Surry Hills,Data Scientist,DataRobot,Data Scientist,82500.0,112500.0,97500.0,0,0,1,0
113,Surry Hills,Data Scientist,Datasii,Experience as a Data Scientist,100000.0,115000.0,107500.0,0,0,1,0
114,Surry Hills,Data Scientist,Freelancer.com,Proven experience as a Data Scientist,65000.0,110000.0,87500.0,0,0,1,0
115,Surry Hills,Data Scientist,Freshwater Group,The Data Scientist,82500.0,112500.0,97500.0,0,0,1,0
116,Surry Hills,Data Scientist,CPT Global,Strong experience working as a Data Scientist,82500.0,112500.0,97500.0,0,0,1,0
117,Surry Hills,Data Scientist,Ikon,Provide tangible support to Senior Data Scientist,82500.0,112500.0,97500.0,0,0,1,0
118,Surry Hills,Data Scientist,Sydney,Undertake proactive analysis of customer Data Scientist,82500.0,112500.0,97500.0,0,0,1,0
119,Surry Hills,Junior Data Scientist,HIVERY,Our team of Data Scientist,60000.0,85000.0,72500.0,0,0,0,1
120,Macquarie Park,Data Scientist,Domain Group,As a Data Scientist,82500.0,112500.0,97500.0,0,0,1,0
121,Macquarie Park,Data Scientist,ANZ Banking Group,As the Data Scientist,82500.0,112500.0,97500.0,0,0,1,0
123,Macquarie Park,Junior Data Scientist,Intellify,We also believe great Data Scientist,80000.0,100000.0,90000.0,0,0,0,1
124,Macquarie Park,Junior Data Scientist,The Eclair Group,Industry experience as a Data Analyst or Junior Data Scientist,70000.0,90000.0,80000.0,0,0,0,1
125,Macquarie Park,Data Scientist,Investigations & Counter Terrorism,Data Scientist,82500.0,112500.0,97500.0,0,0,1,0
126,Macquarie Park,Junior Data Scientist,Sirius People ,Opportunity to start your career in Data Scientist,70000.0,90000.0,80000.0,0,0,0,1
127,Macquarie Park,Data Scientist,DataRobot,Data Scientist,82500.0,112500.0,97500.0,0,0,1,0
128,Macquarie Park,Data Scientist,Datasii,Experience as a Data Scientist,100000.0,115000.0,107500.0,0,0,1,0
129,Macquarie Park,Data Scientist,Freelancer.com,Proven experience as a Data Scientist,65000.0,110000.0,87500.0,0,0,1,0
130,Macquarie Park,Data Scientist,Freshwater Group,The Data Scientist,82500.0,112500.0,97500.0,0,0,1,0
131,Macquarie Park,Data Scientist,CPT Global,Strong experience working as a Data Scientist,82500.0,112500.0,97500.0,0,0,1,0
132,Macquarie Park,Data Scientist,Ikon,Provide tangible support to Senior Data Scientist,82500.0,112500.0,97500.0,0,0,1,0
133,Macquarie Park,Data Scientist,Sydney,Undertake proactive analysis of customer Data Scientist,82500.0,112500.0,97500.0,0,0,1,0
134,Macquarie Park,Junior Data Scientist,HIVERY,Our team of Data Scientist,60000.0,85000.0,72500.0,0,0,0,1
135,Sydney,Data Scientist,Domain Group,As a Data Scientist,82500.0,112500.0,97500.0,0,0,1,0
136,Sydney,Data Scientist,ANZ Banking Group,As the Data Scientist,82500.0,112500.0,97500.0,0,0,1,0
138,Sydney,Junior Data Scientist,Intellify,We also believe great Data Scientist,80000.0,100000.0,90000.0,0,0,0,1
139,Sydney,Junior Data Scientist,The Eclair Group,Industry experience as a Data Analyst or Junior Data Scientist,70000.0,90000.0,80000.0,0,0,0,1
140,Sydney,Data Scientist,Investigations & Counter Terrorism,Data Scientist,82500.0,112500.0,97500.0,0,0,1,0
141,Sydney,Junior Data Scientist,Sirius People ,Opportunity to start your career in Data Scientist,70000.0,90000.0,80000.0,0,0,0,1
142,Sydney,Data Scientist,DataRobot,Data Scientist,82500.0,112500.0,97500.0,0,0,1,0
143,Sydney,Data Scientist,Datasii,Experience as a Data Scientist,100000.0,115000.0,107500.0,0,0,1,0
144,Sydney,Data Scientist,Freelancer.com,Proven experience as a Data Scientist,65000.0,110000.0,87500.0,0,0,1,0
145,Sydney,Data Scientist,Freshwater Group,The Data Scientist,82500.0,112500.0,97500.0,0,0,1,0
146,Sydney,Data Scientist,CPT Global,Strong experience working as a Data Scientist,82500.0,112500.0,97500.0,0,0,1,0
147,Sydney,Data Scientist,Ikon,Provide tangible support to Senior Data Scientist,82500.0,112500.0,97500.0,0,0,1,0
148,Sydney,Data Scientist,Sydney,Undertake proactive analysis of customer Data Scientist,82500.0,112500.0,97500.0,0,0,1,0
149,Sydney,Junior Data Scientist,HIVERY,Our team of Data Scientist,60000.0,85000.0,72500.0,0,0,0,1
150,Hills District,Data Scientist,Domain Group,As a Data Scientist,82500.0,112500.0,97500.0,0,0,1,0
151,Hills District,Data Scientist,ANZ Banking Group,As the Data Scientist,82500.0,112500.0,97500.0,0,0,1,0
153,Hills District,Junior Data Scientist,Intellify,We also believe great Data Scientist,80000.0,100000.0,90000.0,0,0,0,1
154,Hills District,Junior Data Scientist,The Eclair Group,Industry experience as a Data Analyst or Junior Data Scientist,70000.0,90000.0,80000.0,0,0,0,1
155,Hills District,Data Scientist,Investigations & Counter Terrorism,Data Scientist,82500.0,112500.0,97500.0,0,0,1,0
156,Hills District,Junior Data Scientist,Sirius People ,Opportunity to start your career in Data Scientist,70000.0,90000.0,80000.0,0,0,0,1
157,Hills District,Data Scientist,DataRobot,Data Scientist,82500.0,112500.0,97500.0,0,0,1,0
158,Hills District,Data Scientist,Datasii,Experience as a Data Scientist,100000.0,115000.0,107500.0,0,0,1,0
159,Hills District,Data Scientist,Freelancer.com,Proven experience as a Data Scientist,65000.0,110000.0,87500.0,0,0,1,0
160,Hills District,Data Scientist,Freshwater Group,The Data Scientist,82500.0,112500.0,97500.0,0,0,1,0
161,Hills District,Data Scientist,CPT Global,Strong experience working as a Data Scientist,82500.0,112500.0,97500.0,0,0,1,0
162,Hills District,Data Scientist,Ikon,Provide tangible support to Senior Data Scientist,82500.0,112500.0,97500.0,0,0,1,0
163,Hills District,Data Scientist,Sydney,Undertake proactive analysis of customer Data Scientist,82500.0,112500.0,97500.0,0,0,1,0
164,Hills District,Junior Data Scientist,HIVERY,Our team of Data Scientist,60000.0,85000.0,72500.0,0,0,0,1
165,Sydney,Data Scientist,Domain Group,As a Data Scientist,82500.0,112500.0,97500.0,0,0,1,0
166,Sydney,Data Scientist,ANZ Banking Group,As the Data Scientist,82500.0,112500.0,97500.0,0,0,1,0
168,Sydney,Junior Data Scientist,Intellify,We also believe great Data Scientist,80000.0,100000.0,90000.0,0,0,0,1
169,Sydney,Junior Data Scientist,The Eclair Group,Industry experience as a Data Analyst or Junior Data Scientist,70000.0,90000.0,80000.0,0,0,0,1
170,Sydney,Data Scientist,Investigations & Counter Terrorism,Data Scientist,82500.0,112500.0,97500.0,0,0,1,0
171,Sydney,Junior Data Scientist,Sirius People ,Opportunity to start your career in Data Scientist,70000.0,90000.0,80000.0,0,0,0,1
172,Sydney,Data Scientist,DataRobot,Data Scientist,82500.0,112500.0,97500.0,0,0,1,0
173,Sydney,Data Scientist,Datasii,Experience as a Data Scientist,100000.0,115000.0,107500.0,0,0,1,0
174,Sydney,Data Scientist,Freelancer.com,Proven experience as a Data Scientist,65000.0,110000.0,87500.0,0,0,1,0
175,Sydney,Data Scientist,Freshwater Group,The Data Scientist,82500.0,112500.0,97500.0,0,0,1,0
176,Sydney,Data Scientist,CPT Global,Strong experience working as a Data Scientist,82500.0,112500.0,97500.0,0,0,1,0
177,Sydney,Data Scientist,Ikon,Provide tangible support to Senior Data Scientist,82500.0,112500.0,97500.0,0,0,1,0
178,Sydney,Data Scientist,Sydney,Undertake proactive analysis of customer Data Scientist,82500.0,112500.0,97500.0,0,0,1,0
179,Sydney,Junior Data Scientist,HIVERY,Our team of Data Scientist,60000.0,85000.0,72500.0,0,0,0,1
180,Sydney,Data Scientist,Domain Group,As a Data Scientist,82500.0,112500.0,97500.0,0,0,1,0
181,Sydney,Data Scientist,ANZ Banking Group,As the Data Scientist,82500.0,112500.0,97500.0,0,0,1,0
183,Sydney,Junior Data Scientist,Intellify,We also believe great Data Scientist,80000.0,100000.0,90000.0,0,0,0,1
184,Sydney,Junior Data Scientist,The Eclair Group,Industry experience as a Data Analyst or Junior Data Scientist,70000.0,90000.0,80000.0,0,0,0,1
185,Sydney,Data Scientist,Investigations & Counter Terrorism,Data Scientist,82500.0,112500.0,97500.0,0,0,1,0
186,Sydney,Junior Data Scientist,Sirius People ,Opportunity to start your career in Data Scientist,70000.0,90000.0,80000.0,0,0,0,1
187,Sydney,Data Scientist,DataRobot,Data Scientist,82500.0,112500.0,97500.0,0,0,1,0
188,Sydney,Data Scientist,Datasii,Experience as a Data Scientist,100000.0,115000.0,107500.0,0,0,1,0
189,Sydney,Data Scientist,Freelancer.com,Proven experience as a Data Scientist,65000.0,110000.0,87500.0,0,0,1,0
190,Sydney,Data Scientist,Freshwater Group,The Data Scientist,82500.0,112500.0,97500.0,0,0,1,0
191,Sydney,Data Scientist,CPT Global,Strong experience working as a Data Scientist,82500.0,112500.0,97500.0,0,0,1,0
192,Sydney,Data Scientist,Ikon,Provide tangible support to Senior Data Scientist,82500.0,112500.0,97500.0,0,0,1,0
193,Sydney,Data Scientist,Sydney,Undertake proactive analysis of customer Data Scientist,82500.0,112500.0,97500.0,0,0,1,0
194,Sydney,Junior Data Scientist,HIVERY,Our team of Data Scientist,60000.0,85000.0,72500.0,0,0,0,1
195,Melbourne,Data Scientist,Domain Group,As a Data Scientist,82500.0,112500.0,97500.0,0,0,1,0
196,Melbourne,Data Scientist,ANZ Banking Group,As the Data Scientist,82500.0,112500.0,97500.0,0,0,1,0
198,Melbourne,Junior Data Scientist,Intellify,We also believe great Data Scientist,80000.0,100000.0,90000.0,0,0,0,1
199,Melbourne,Junior Data Scientist,The Eclair Group,Industry experience as a Data Analyst or Junior Data Scientist,70000.0,90000.0,80000.0,0,0,0,1
200,Melbourne,Data Scientist,Investigations & Counter Terrorism,Data Scientist,82500.0,112500.0,97500.0,0,0,1,0
201,Melbourne,Junior Data Scientist,Sirius People ,Opportunity to start your career in Data Scientist,70000.0,90000.0,80000.0,0,0,0,1
202,Melbourne,Data Scientist,DataRobot,Data Scientist,82500.0,112500.0,97500.0,0,0,1,0
203,Melbourne,Data Scientist,Datasii,Experience as a Data Scientist,100000.0,115000.0,107500.0,0,0,1,0
204,Melbourne,Data Scientist,Freelancer.com,Proven experience as a Data Scientist,65000.0,110000.0,87500.0,0,0,1,0
205,Melbourne,Data Scientist,Freshwater Group,The Data Scientist,82500.0,112500.0,97500.0,0,0,1,0
206,Melbourne,Data Scientist,CPT Global,Strong experience working as a Data Scientist,82500.0,112500.0,97500.0,0,0,1,0
207,Melbourne,Data Scientist,Ikon,Provide tangible support to Senior Data Scientist,82500.0,112500.0,97500.0,0,0,1,0
208,Melbourne,Data Scientist,Sydney,Undertake proactive analysis of customer Data Scientist,82500.0,112500.0,97500.0,0,0,1,0
209,Melbourne,Junior Data Scientist,HIVERY,Our team of Data Scientist,60000.0,85000.0,72500.0,0,0,0,1
0,Sydney,Analyst,WEST 1 Australia,"Data organization, processing and interpretation across all agencies and client data sets. Working with large data sets and tools;...",55000.0,65000.0,60000.0,1,0,0,0
1,Sydney,Data Analyst,ANZ Banking Group,Our Data Analyst,70000.0,90000.0,80000.0,0,1,0,0
3,Sydney,Data Analyst,AMP Ltd,We are currently looking for two Data Analyst,70000.0,90000.0,80000.0,0,1,0,0
4,Sydney,Data Analyst,Amazon.com,As a Data Analyst,70000.0,90000.0,80000.0,0,1,0,0
5,Sydney,Data Analyst,"Department of Finance, Services & Innovation",Cleanse and prepare multiple sources of data for matching and,70000.0,90000.0,80000.0,0,1,0,0
6,Sydney,Data Analyst,BT Financial Group,"In this role you will you will work closely with the Manager to validate all regulatory responses including formal notices for data from APRA and ASIC, and...",70000.0,90000.0,80000.0,0,1,0,0
7,Sydney,Junior Data Scientist,The Eclair Group,Industry experience as a Data Analyst,70000.0,90000.0,80000.0,0,0,0,1
8,Sydney,Data Analyst,OpenAgent,Working in the data and business analytics team to answer business questions using data. Review processes that pull data from Adwords and input into our data...,70000.0,90000.0,80000.0,0,1,0,0
9,Sydney,Data Analyst,Tata Consultancy Services (TCS),Data migration Test Analyst (Automation experience). Data Analyst,80000.0,90000.0,85000.0,0,1,0,0
10,Sydney,Data Analyst,Datasii,Extensive experience as a Data Analyst,70000.0,90000.0,80000.0,0,1,0,0
11,Sydney,Data Analyst,Munich Re,Data Analyst,70000.0,90000.0,80000.0,0,1,0,0
12,Sydney,Junior Data Scientist,Intellify,"We also believe great data science comes from great teams, so invest continuously in upskilling and cross-training our data scientists, with lunch & learn...",80000.0,100000.0,90000.0,0,0,0,1
13,Sydney,Data Analyst,World Fuel,Sound data entry and analytical skills. Maintaining customer data within both CRM and Invoice databases. Analyzing customer invoice data to identify erroneous...,70000.0,90000.0,80000.0,0,1,0,0
15,Sydney,Analyst,Sydney,Outstanding data extraction and manipulation skills. Interpret and communicate results from data analysis as recommendations to internal customers....,55000.0,65000.0,60000.0,1,0,0,0
16,Ultimo,Analyst,WEST 1 Australia,"Data organization, processing and interpretation across all agencies and client data sets. Working with large data sets and tools;...",55000.0,65000.0,60000.0,1,0,0,0
17,Ultimo,Data Analyst,ANZ Banking Group,Our Data Analyst,70000.0,90000.0,80000.0,0,1,0,0
19,Ultimo,Data Analyst,AMP Ltd,We are currently looking for two Data Analyst,70000.0,90000.0,80000.0,0,1,0,0
20,Ultimo,Data Analyst,Amazon.com,As a Data Analyst,70000.0,90000.0,80000.0,0,1,0,0
21,Ultimo,Data Analyst,"Department of Finance, Services & Innovation",Cleanse and prepare multiple sources of data for matching and,70000.0,90000.0,80000.0,0,1,0,0
22,Ultimo,Data Analyst,BT Financial Group,"In this role you will you will work closely with the Manager to validate all regulatory responses including formal notices for data from APRA and ASIC, and...",70000.0,90000.0,80000.0,0,1,0,0
23,Ultimo,Junior Data Scientist,The Eclair Group,Industry experience as a Data Analyst,70000.0,90000.0,80000.0,0,0,0,1
24,Ultimo,Data Analyst,OpenAgent,Working in the data and business analytics team to answer business questions using data. Review processes that pull data from Adwords and input into our data...,70000.0,90000.0,80000.0,0,1,0,0
25,Ultimo,Data Analyst,Tata Consultancy Services (TCS),Data migration Test Analyst (Automation experience). Data Analyst,80000.0,90000.0,85000.0,0,1,0,0
26,Ultimo,Data Analyst,Datasii,Extensive experience as a Data Analyst,70000.0,90000.0,80000.0,0,1,0,0
27,Ultimo,Data Analyst,Munich Re,Data Analyst,70000.0,90000.0,80000.0,0,1,0,0
28,Ultimo,Junior Data Scientist,Intellify,"We also believe great data science comes from great teams, so invest continuously in upskilling and cross-training our data scientists, with lunch & learn...",80000.0,100000.0,90000.0,0,0,0,1
29,Ultimo,Data Analyst,World Fuel,Sound data entry and analytical skills. Maintaining customer data within both CRM and Invoice databases. Analyzing customer invoice data to identify erroneous...,70000.0,90000.0,80000.0,0,1,0,0
31,Ultimo,Analyst,Sydney,Outstanding data extraction and manipulation skills. Interpret and communicate results from data analysis as recommendations to internal customers....,55000.0,65000.0,60000.0,1,0,0,0
32,Sydney,Analyst,WEST 1 Australia,"Data organization, processing and interpretation across all agencies and client data sets. Working with large data sets and tools;...",55000.0,65000.0,60000.0,1,0,0,0
33,Sydney,Data Analyst,ANZ Banking Group,Our Data Analyst,70000.0,90000.0,80000.0,0,1,0,0
35,Sydney,Data Analyst,AMP Ltd,We are currently looking for two Data Analyst,70000.0,90000.0,80000.0,0,1,0,0
36,Sydney,Data Analyst,Amazon.com,As a Data Analyst,70000.0,90000.0,80000.0,0,1,0,0
37,Sydney,Data Analyst,"Department of Finance, Services & Innovation",Cleanse and prepare multiple sources of data for matching and,70000.0,90000.0,80000.0,0,1,0,0
38,Sydney,Data Analyst,BT Financial Group,"In this role you will you will work closely with the Manager to validate all regulatory responses including formal notices for data from APRA and ASIC, and...",70000.0,90000.0,80000.0,0,1,0,0
39,Sydney,Junior Data Scientist,The Eclair Group,Industry experience as a Data Analyst,70000.0,90000.0,80000.0,0,0,0,1
40,Sydney,Data Analyst,OpenAgent,Working in the data and business analytics team to answer business questions using data. Review processes that pull data from Adwords and input into our data...,70000.0,90000.0,80000.0,0,1,0,0
41,Sydney,Data Analyst,Tata Consultancy Services (TCS),Data migration Test Analyst (Automation experience). Data Analyst,80000.0,90000.0,85000.0,0,1,0,0
42,Sydney,Data Analyst,Datasii,Extensive experience as a Data Analyst,70000.0,90000.0,80000.0,0,1,0,0
43,Sydney,Data Analyst,Munich Re,Data Analyst,70000.0,90000.0,80000.0,0,1,0,0
44,Sydney,Junior Data Scientist,Intellify,"We also believe great data science comes from great teams, so invest continuously in upskilling and cross-training our data scientists, with lunch & learn...",80000.0,100000.0,90000.0,0,0,0,1
45,Sydney,Data Analyst,World Fuel,Sound data entry and analytical skills. Maintaining customer data within both CRM and Invoice databases. Analyzing customer invoice data to identify erroneous...,70000.0,90000.0,80000.0,0,1,0,0
47,Sydney,Analyst,Sydney,Outstanding data extraction and manipulation skills. Interpret and communicate results from data analysis as recommendations to internal customers....,55000.0,65000.0,60000.0,1,0,0,0
48,Darlinghurst+NSW,Analyst,WEST 1 Australia,"Data organization, processing and interpretation across all agencies and client data sets. Working with large data sets and tools;...",55000.0,65000.0,60000.0,1,0,0,0
49,Darlinghurst+NSW,Data Analyst,ANZ Banking Group,Our Data Analyst,70000.0,90000.0,80000.0,0,1,0,0
51,Darlinghurst+NSW,Data Analyst,AMP Ltd,We are currently looking for two Data Analyst,70000.0,90000.0,80000.0,0,1,0,0
52,Darlinghurst+NSW,Data Analyst,Amazon.com,As a Data Analyst,70000.0,90000.0,80000.0,0,1,0,0
53,Darlinghurst+NSW,Data Analyst,"Department of Finance, Services & Innovation",Cleanse and prepare multiple sources of data for matching and,70000.0,90000.0,80000.0,0,1,0,0
54,Darlinghurst+NSW,Data Analyst,BT Financial Group,"In this role you will you will work closely with the Manager to validate all regulatory responses including formal notices for data from APRA and ASIC, and...",70000.0,90000.0,80000.0,0,1,0,0
55,Darlinghurst+NSW,Junior Data Scientist,The Eclair Group,Industry experience as a Data Analyst,70000.0,90000.0,80000.0,0,0,0,1
56,Darlinghurst+NSW,Data Analyst,OpenAgent,Working in the data and business analytics team to answer business questions using data. Review processes that pull data from Adwords and input into our data...,70000.0,90000.0,80000.0,0,1,0,0
57,Darlinghurst+NSW,Data Analyst,Tata Consultancy Services (TCS),Data migration Test Analyst (Automation experience). Data Analyst,80000.0,90000.0,85000.0,0,1,0,0
58,Darlinghurst+NSW,Data Analyst,Datasii,Extensive experience as a Data Analyst,70000.0,90000.0,80000.0,0,1,0,0
59,Darlinghurst+NSW,Data Analyst,Munich Re,Data Analyst,70000.0,90000.0,80000.0,0,1,0,0
60,Darlinghurst+NSW,Junior Data Scientist,Intellify,"We also believe great data science comes from great teams, so invest continuously in upskilling and cross-training our data scientists, with lunch & learn...",80000.0,100000.0,90000.0,0,0,0,1
61,Darlinghurst+NSW,Data Analyst,World Fuel,Sound data entry and analytical skills. Maintaining customer data within both CRM and Invoice databases. Analyzing customer invoice data to identify erroneous...,70000.0,90000.0,80000.0,0,1,0,0
63,Darlinghurst+NSW,Analyst,Sydney,Outstanding data extraction and manipulation skills. Interpret and communicate results from data analysis as recommendations to internal customers....,55000.0,65000.0,60000.0,1,0,0,0
64,Barangaroo,Analyst,WEST 1 Australia,"Data organization, processing and interpretation across all agencies and client data sets. Working with large data sets and tools;...",55000.0,65000.0,60000.0,1,0,0,0
65,Barangaroo,Data Analyst,ANZ Banking Group,Our Data Analyst,70000.0,90000.0,80000.0,0,1,0,0
67,Barangaroo,Data Analyst,AMP Ltd,We are currently looking for two Data Analyst,70000.0,90000.0,80000.0,0,1,0,0
68,Barangaroo,Data Analyst,Amazon.com,As a Data Analyst,70000.0,90000.0,80000.0,0,1,0,0
69,Barangaroo,Data Analyst,"Department of Finance, Services & Innovation",Cleanse and prepare multiple sources of data for matching and,70000.0,90000.0,80000.0,0,1,0,0
70,Barangaroo,Data Analyst,BT Financial Group,"In this role you will you will work closely with the Manager to validate all regulatory responses including formal notices for data from APRA and ASIC, and...",70000.0,90000.0,80000.0,0,1,0,0
71,Barangaroo,Junior Data Scientist,The Eclair Group,Industry experience as a Data Analyst,70000.0,90000.0,80000.0,0,0,0,1
72,Barangaroo,Data Analyst,OpenAgent,Working in the data and business analytics team to answer business questions using data. Review processes that pull data from Adwords and input into our data...,70000.0,90000.0,80000.0,0,1,0,0
73,Barangaroo,Data Analyst,Tata Consultancy Services (TCS),Data migration Test Analyst (Automation experience). Data Analyst,80000.0,90000.0,85000.0,0,1,0,0
74,Barangaroo,Data Analyst,Datasii,Extensive experience as a Data Analyst,70000.0,90000.0,80000.0,0,1,0,0
75,Barangaroo,Data Analyst,Munich Re,Data Analyst,70000.0,90000.0,80000.0,0,1,0,0
76,Barangaroo,Junior Data Scientist,Intellify,"We also believe great data science comes from great teams, so invest continuously in upskilling and cross-training our data scientists, with lunch & learn...",80000.0,100000.0,90000.0,0,0,0,1
77,Barangaroo,Data Analyst,World Fuel,Sound data entry and analytical skills. Maintaining customer data within both CRM and Invoice databases. Analyzing customer invoice data to identify erroneous...,70000.0,90000.0,80000.0,0,1,0,0
79,Barangaroo,Analyst,Sydney,Outstanding data extraction and manipulation skills. Interpret and communicate results from data analysis as recommendations to internal customers....,55000.0,65000.0,60000.0,1,0,0,0
80,Mascot,Analyst,WEST 1 Australia,"Data organization, processing and interpretation across all agencies and client data sets. Working with large data sets and tools;...",55000.0,65000.0,60000.0,1,0,0,0
81,Mascot,Data Analyst,ANZ Banking Group,Our Data Analyst,70000.0,90000.0,80000.0,0,1,0,0
83,Mascot,Data Analyst,AMP Ltd,We are currently looking for two Data Analyst,70000.0,90000.0,80000.0,0,1,0,0
84,Mascot,Data Analyst,Amazon.com,As a Data Analyst,70000.0,90000.0,80000.0,0,1,0,0
85,Mascot,Data Analyst,"Department of Finance, Services & Innovation",Cleanse and prepare multiple sources of data for matching and,70000.0,90000.0,80000.0,0,1,0,0
86,Mascot,Data Analyst,BT Financial Group,"In this role you will you will work closely with the Manager to validate all regulatory responses including formal notices for data from APRA and ASIC, and...",70000.0,90000.0,80000.0,0,1,0,0
87,Mascot,Junior Data Scientist,The Eclair Group,Industry experience as a Data Analyst,70000.0,90000.0,80000.0,0,0,0,1
88,Mascot,Data Analyst,OpenAgent,Working in the data and business analytics team to answer business questions using data. Review processes that pull data from Adwords and input into our data...,70000.0,90000.0,80000.0,0,1,0,0
89,Mascot,Data Analyst,Tata Consultancy Services (TCS),Data migration Test Analyst (Automation experience). Data Analyst,80000.0,90000.0,85000.0,0,1,0,0
90,Mascot,Data Analyst,Datasii,Extensive experience as a Data Analyst,70000.0,90000.0,80000.0,0,1,0,0
91,Mascot,Data Analyst,Munich Re,Data Analyst,70000.0,90000.0,80000.0,0,1,0,0
92,Mascot,Junior Data Scientist,Intellify,"We also believe great data science comes from great teams, so invest continuously in upskilling and cross-training our data scientists, with lunch & learn...",80000.0,100000.0,90000.0,0,0,0,1
93,Mascot,Data Analyst,World Fuel,Sound data entry and analytical skills. Maintaining customer data within both CRM and Invoice databases. Analyzing customer invoice data to identify erroneous...,70000.0,90000.0,80000.0,0,1,0,0
95,Mascot,Analyst,Sydney,Outstanding data extraction and manipulation skills. Interpret and communicate results from data analysis as recommendations to internal customers....,55000.0,65000.0,60000.0,1,0,0,0
96,Parramatta,Analyst,WEST 1 Australia,"Data organization, processing and interpretation across all agencies and client data sets. Working with large data sets and tools;...",55000.0,65000.0,60000.0,1,0,0,0
97,Parramatta,Data Analyst,ANZ Banking Group,Our Data Analyst,70000.0,90000.0,80000.0,0,1,0,0
99,Parramatta,Data Analyst,AMP Ltd,We are currently looking for two Data Analyst,70000.0,90000.0,80000.0,0,1,0,0
100,Parramatta,Data Analyst,Amazon.com,As a Data Analyst,70000.0,90000.0,80000.0,0,1,0,0
101,Parramatta,Data Analyst,"Department of Finance, Services & Innovation",Cleanse and prepare multiple sources of data for matching and,70000.0,90000.0,80000.0,0,1,0,0
102,Parramatta,Data Analyst,BT Financial Group,"In this role you will you will work closely with the Manager to validate all regulatory responses including formal notices for data from APRA and ASIC, and...",70000.0,90000.0,80000.0,0,1,0,0
103,Parramatta,Junior Data Scientist,The Eclair Group,Industry experience as a Data Analyst,70000.0,90000.0,80000.0,0,0,0,1
104,Parramatta,Data Analyst,OpenAgent,Working in the data and business analytics team to answer business questions using data. Review processes that pull data from Adwords and input into our data...,70000.0,90000.0,80000.0,0,1,0,0
105,Parramatta,Data Analyst,Tata Consultancy Services (TCS),Data migration Test Analyst (Automation experience). Data Analyst,80000.0,90000.0,85000.0,0,1,0,0
106,Parramatta,Data Analyst,Datasii,Extensive experience as a Data Analyst,70000.0,90000.0,80000.0,0,1,0,0
107,Parramatta,Data Analyst,Munich Re,Data Analyst,70000.0,90000.0,80000.0,0,1,0,0
108,Parramatta,Junior Data Scientist,Intellify,"We also believe great data science comes from great teams, so invest continuously in upskilling and cross-training our data scientists, with lunch & learn...",80000.0,100000.0,90000.0,0,0,0,1
109,Parramatta,Data Analyst,World Fuel,Sound data entry and analytical skills. Maintaining customer data within both CRM and Invoice databases. Analyzing customer invoice data to identify erroneous...,70000.0,90000.0,80000.0,0,1,0,0
111,Parramatta,Analyst,Sydney,Outstanding data extraction and manipulation skills. Interpret and communicate results from data analysis as recommendations to internal customers....,55000.0,65000.0,60000.0,1,0,0,0
112,Surry Hills,Analyst,WEST 1 Australia,"Data organization, processing and interpretation across all agencies and client data sets. Working with large data sets and tools;...",55000.0,65000.0,60000.0,1,0,0,0
113,Surry Hills,Data Analyst,ANZ Banking Group,Our Data Analyst,70000.0,90000.0,80000.0,0,1,0,0
115,Surry Hills,Data Analyst,AMP Ltd,We are currently looking for two Data Analyst,70000.0,90000.0,80000.0,0,1,0,0
116,Surry Hills,Data Analyst,Amazon.com,As a Data Analyst,70000.0,90000.0,80000.0,0,1,0,0
117,Surry Hills,Data Analyst,"Department of Finance, Services & Innovation",Cleanse and prepare multiple sources of data for matching and,70000.0,90000.0,80000.0,0,1,0,0
118,Surry Hills,Data Analyst,BT Financial Group,"In this role you will you will work closely with the Manager to validate all regulatory responses including formal notices for data from APRA and ASIC, and...",70000.0,90000.0,80000.0,0,1,0,0
119,Surry Hills,Junior Data Scientist,The Eclair Group,Industry experience as a Data Analyst,70000.0,90000.0,80000.0,0,0,0,1
120,Surry Hills,Data Analyst,OpenAgent,Working in the data and business analytics team to answer business questions using data. Review processes that pull data from Adwords and input into our data...,70000.0,90000.0,80000.0,0,1,0,0
121,Surry Hills,Data Analyst,Tata Consultancy Services (TCS),Data migration Test Analyst (Automation experience). Data Analyst,80000.0,90000.0,85000.0,0,1,0,0
122,Surry Hills,Data Analyst,Datasii,Extensive experience as a Data Analyst,70000.0,90000.0,80000.0,0,1,0,0
123,Surry Hills,Data Analyst,Munich Re,Data Analyst,70000.0,90000.0,80000.0,0,1,0,0
124,Surry Hills,Junior Data Scientist,Intellify,"We also believe great data science comes from great teams, so invest continuously in upskilling and cross-training our data scientists, with lunch & learn...",80000.0,100000.0,90000.0,0,0,0,1
125,Surry Hills,Data Analyst,World Fuel,Sound data entry and analytical skills. Maintaining customer data within both CRM and Invoice databases. Analyzing customer invoice data to identify erroneous...,70000.0,90000.0,80000.0,0,1,0,0
127,Surry Hills,Analyst,Sydney,Outstanding data extraction and manipulation skills. Interpret and communicate results from data analysis as recommendations to internal customers....,55000.0,65000.0,60000.0,1,0,0,0
128,Macquarie Park,Analyst,WEST 1 Australia,"Data organization, processing and interpretation across all agencies and client data sets. Working with large data sets and tools;...",55000.0,65000.0,60000.0,1,0,0,0
129,Macquarie Park,Data Analyst,ANZ Banking Group,Our Data Analyst,70000.0,90000.0,80000.0,0,1,0,0
131,Macquarie Park,Data Analyst,AMP Ltd,We are currently looking for two Data Analyst,70000.0,90000.0,80000.0,0,1,0,0
132,Macquarie Park,Data Analyst,Amazon.com,As a Data Analyst,70000.0,90000.0,80000.0,0,1,0,0
133,Macquarie Park,Data Analyst,"Department of Finance, Services & Innovation",Cleanse and prepare multiple sources of data for matching and,70000.0,90000.0,80000.0,0,1,0,0
134,Macquarie Park,Data Analyst,BT Financial Group,"In this role you will you will work closely with the Manager to validate all regulatory responses including formal notices for data from APRA and ASIC, and...",70000.0,90000.0,80000.0,0,1,0,0
135,Macquarie Park,Junior Data Scientist,The Eclair Group,Industry experience as a Data Analyst,70000.0,90000.0,80000.0,0,0,0,1
136,Macquarie Park,Data Analyst,OpenAgent,Working in the data and business analytics team to answer business questions using data. Review processes that pull data from Adwords and input into our data...,70000.0,90000.0,80000.0,0,1,0,0
137,Macquarie Park,Data Analyst,Tata Consultancy Services (TCS),Data migration Test Analyst (Automation experience). Data Analyst,80000.0,90000.0,85000.0,0,1,0,0
138,Macquarie Park,Data Analyst,Datasii,Extensive experience as a Data Analyst,70000.0,90000.0,80000.0,0,1,0,0
139,Macquarie Park,Data Analyst,Munich Re,Data Analyst,70000.0,90000.0,80000.0,0,1,0,0
140,Macquarie Park,Junior Data Scientist,Intellify,"We also believe great data science comes from great teams, so invest continuously in upskilling and cross-training our data scientists, with lunch & learn...",80000.0,100000.0,90000.0,0,0,0,1
141,Macquarie Park,Data Analyst,World Fuel,Sound data entry and analytical skills. Maintaining customer data within both CRM and Invoice databases. Analyzing customer invoice data to identify erroneous...,70000.0,90000.0,80000.0,0,1,0,0
143,Macquarie Park,Analyst,Sydney,Outstanding data extraction and manipulation skills. Interpret and communicate results from data analysis as recommendations to internal customers....,55000.0,65000.0,60000.0,1,0,0,0
144,Sydney,Analyst,WEST 1 Australia,"Data organization, processing and interpretation across all agencies and client data sets. Working with large data sets and tools;...",55000.0,65000.0,60000.0,1,0,0,0
145,Sydney,Data Analyst,ANZ Banking Group,Our Data Analyst,70000.0,90000.0,80000.0,0,1,0,0
147,Sydney,Data Analyst,AMP Ltd,We are currently looking for two Data Analyst,70000.0,90000.0,80000.0,0,1,0,0
148,Sydney,Data Analyst,Amazon.com,As a Data Analyst,70000.0,90000.0,80000.0,0,1,0,0
149,Sydney,Data Analyst,"Department of Finance, Services & Innovation",Cleanse and prepare multiple sources of data for matching and,70000.0,90000.0,80000.0,0,1,0,0
150,Sydney,Data Analyst,BT Financial Group,"In this role you will you will work closely with the Manager to validate all regulatory responses including formal notices for data from APRA and ASIC, and...",70000.0,90000.0,80000.0,0,1,0,0
151,Sydney,Junior Data Scientist,The Eclair Group,Industry experience as a Data Analyst,70000.0,90000.0,80000.0,0,0,0,1
152,Sydney,Data Analyst,OpenAgent,Working in the data and business analytics team to answer business questions using data. Review processes that pull data from Adwords and input into our data...,70000.0,90000.0,80000.0,0,1,0,0
153,Sydney,Data Analyst,Tata Consultancy Services (TCS),Data migration Test Analyst (Automation experience). Data Analyst,80000.0,90000.0,85000.0,0,1,0,0
154,Sydney,Data Analyst,Datasii,Extensive experience as a Data Analyst,70000.0,90000.0,80000.0,0,1,0,0
155,Sydney,Data Analyst,Munich Re,Data Analyst,70000.0,90000.0,80000.0,0,1,0,0
156,Sydney,Junior Data Scientist,Intellify,"We also believe great data science comes from great teams, so invest continuously in upskilling and cross-training our data scientists, with lunch & learn...",80000.0,100000.0,90000.0,0,0,0,1
157,Sydney,Data Analyst,World Fuel,Sound data entry and analytical skills. Maintaining customer data within both CRM and Invoice databases. Analyzing customer invoice data to identify erroneous...,70000.0,90000.0,80000.0,0,1,0,0
159,Sydney,Analyst,Sydney,Outstanding data extraction and manipulation skills. Interpret and communicate results from data analysis as recommendations to internal customers....,55000.0,65000.0,60000.0,1,0,0,0
160,Hills District,Analyst,WEST 1 Australia,"Data organization, processing and interpretation across all agencies and client data sets. Working with large data sets and tools;...",55000.0,65000.0,60000.0,1,0,0,0
161,Hills District,Data Analyst,ANZ Banking Group,Our Data Analyst,70000.0,90000.0,80000.0,0,1,0,0
163,Hills District,Data Analyst,AMP Ltd,We are currently looking for two Data Analyst,70000.0,90000.0,80000.0,0,1,0,0
164,Hills District,Data Analyst,Amazon.com,As a Data Analyst,70000.0,90000.0,80000.0,0,1,0,0
165,Hills District,Data Analyst,"Department of Finance, Services & Innovation",Cleanse and prepare multiple sources of data for matching and,70000.0,90000.0,80000.0,0,1,0,0
166,Hills District,Data Analyst,BT Financial Group,"In this role you will you will work closely with the Manager to validate all regulatory responses including formal notices for data from APRA and ASIC, and...",70000.0,90000.0,80000.0,0,1,0,0
167,Hills District,Junior Data Scientist,The Eclair Group,Industry experience as a Data Analyst,70000.0,90000.0,80000.0,0,0,0,1
168,Hills District,Data Analyst,OpenAgent,Working in the data and business analytics team to answer business questions using data. Review processes that pull data from Adwords and input into our data...,70000.0,90000.0,80000.0,0,1,0,0
169,Hills District,Data Analyst,Tata Consultancy Services (TCS),Data migration Test Analyst (Automation experience). Data Analyst,80000.0,90000.0,85000.0,0,1,0,0
170,Hills District,Data Analyst,Datasii,Extensive experience as a Data Analyst,70000.0,90000.0,80000.0,0,1,0,0
171,Hills District,Data Analyst,Munich Re,Data Analyst,70000.0,90000.0,80000.0,0,1,0,0
172,Hills District,Junior Data Scientist,Intellify,"We also believe great data science comes from great teams, so invest continuously in upskilling and cross-training our data scientists, with lunch & learn...",80000.0,100000.0,90000.0,0,0,0,1
173,Hills District,Data Analyst,World Fuel,Sound data entry and analytical skills. Maintaining customer data within both CRM and Invoice databases. Analyzing customer invoice data to identify erroneous...,70000.0,90000.0,80000.0,0,1,0,0
175,Hills District,Analyst,Sydney,Outstanding data extraction and manipulation skills. Interpret and communicate results from data analysis as recommendations to internal customers....,55000.0,65000.0,60000.0,1,0,0,0
176,Sydney,Analyst,WEST 1 Australia,"Data organization, processing and interpretation across all agencies and client data sets. Working with large data sets and tools;...",55000.0,65000.0,60000.0,1,0,0,0
177,Sydney,Data Analyst,ANZ Banking Group,Our Data Analyst,70000.0,90000.0,80000.0,0,1,0,0
179,Sydney,Data Analyst,AMP Ltd,We are currently looking for two Data Analyst,70000.0,90000.0,80000.0,0,1,0,0
180,Sydney,Data Analyst,Amazon.com,As a Data Analyst,70000.0,90000.0,80000.0,0,1,0,0
181,Sydney,Data Analyst,"Department of Finance, Services & Innovation",Cleanse and prepare multiple sources of data for matching and,70000.0,90000.0,80000.0,0,1,0,0
182,Sydney,Data Analyst,BT Financial Group,"In this role you will you will work closely with the Manager to validate all regulatory responses including formal notices for data from APRA and ASIC, and...",70000.0,90000.0,80000.0,0,1,0,0
183,Sydney,Junior Data Scientist,The Eclair Group,Industry experience as a Data Analyst,70000.0,90000.0,80000.0,0,0,0,1
184,Sydney,Data Analyst,OpenAgent,Working in the data and business analytics team to answer business questions using data. Review processes that pull data from Adwords and input into our data...,70000.0,90000.0,80000.0,0,1,0,0
185,Sydney,Data Analyst,Tata Consultancy Services (TCS),Data migration Test Analyst (Automation experience). Data Analyst,80000.0,90000.0,85000.0,0,1,0,0
186,Sydney,Data Analyst,Datasii,Extensive experience as a Data Analyst,70000.0,90000.0,80000.0,0,1,0,0
187,Sydney,Data Analyst,Munich Re,Data Analyst,70000.0,90000.0,80000.0,0,1,0,0
188,Sydney,Junior Data Scientist,Intellify,"We also believe great data science comes from great teams, so invest continuously in upskilling and cross-training our data scientists, with lunch & learn...",80000.0,100000.0,90000.0,0,0,0,1
189,Sydney,Data Analyst,World Fuel,Sound data entry and analytical skills. Maintaining customer data within both CRM and Invoice databases. Analyzing customer invoice data to identify erroneous...,70000.0,90000.0,80000.0,0,1,0,0
191,Sydney,Analyst,Sydney,Outstanding data extraction and manipulation skills. Interpret and communicate results from data analysis as recommendations to internal customers....,55000.0,65000.0,60000.0,1,0,0,0
192,Sydney,Analyst,WEST 1 Australia,"Data organization, processing and interpretation across all agencies and client data sets. Working with large data sets and tools;...",55000.0,65000.0,60000.0,1,0,0,0
193,Sydney,Data Analyst,ANZ Banking Group,Our Data Analyst,70000.0,90000.0,80000.0,0,1,0,0
195,Sydney,Data Analyst,AMP Ltd,We are currently looking for two Data Analyst,70000.0,90000.0,80000.0,0,1,0,0
196,Sydney,Data Analyst,Amazon.com,As a Data Analyst,70000.0,90000.0,80000.0,0,1,0,0
197,Sydney,Data Analyst,"Department of Finance, Services & Innovation",Cleanse and prepare multiple sources of data for matching and,70000.0,90000.0,80000.0,0,1,0,0
198,Sydney,Data Analyst,BT Financial Group,"In this role you will you will work closely with the Manager to validate all regulatory responses including formal notices for data from APRA and ASIC, and...",70000.0,90000.0,80000.0,0,1,0,0
199,Sydney,Junior Data Scientist,The Eclair Group,Industry experience as a Data Analyst,70000.0,90000.0,80000.0,0,0,0,1
200,Sydney,Data Analyst,OpenAgent,Working in the data and business analytics team to answer business questions using data. Review processes that pull data from Adwords and input into our data...,70000.0,90000.0,80000.0,0,1,0,0
201,Sydney,Data Analyst,Tata Consultancy Services (TCS),Data migration Test Analyst (Automation experience). Data Analyst,80000.0,90000.0,85000.0,0,1,0,0
202,Sydney,Data Analyst,Datasii,Extensive experience as a Data Analyst,70000.0,90000.0,80000.0,0,1,0,0
203,Sydney,Data Analyst,Munich Re,Data Analyst,70000.0,90000.0,80000.0,0,1,0,0
204,Sydney,Junior Data Scientist,Intellify,"We also believe great data science comes from great teams, so invest continuously in upskilling and cross-training our data scientists, with lunch & learn...",80000.0,100000.0,90000.0,0,0,0,1
205,Sydney,Data Analyst,World Fuel,Sound data entry and analytical skills. Maintaining customer data within both CRM and Invoice databases. Analyzing customer invoice data to identify erroneous...,70000.0,90000.0,80000.0,0,1,0,0
207,Sydney,Analyst,Sydney,Outstanding data extraction and manipulation skills. Interpret and communicate results from data analysis as recommendations to internal customers....,55000.0,65000.0,60000.0,1,0,0,0
208,Melbourne,Analyst,WEST 1 Australia,"Data organization, processing and interpretation across all agencies and client data sets. Working with large data sets and tools;...",55000.0,65000.0,60000.0,1,0,0,0
209,Melbourne,Data Analyst,ANZ Banking Group,Our Data Analyst,70000.0,90000.0,80000.0,0,1,0,0
211,Melbourne,Data Analyst,AMP Ltd,We are currently looking for two Data Analyst,70000.0,90000.0,80000.0,0,1,0,0
212,Melbourne,Data Analyst,Amazon.com,As a Data Analyst,70000.0,90000.0,80000.0,0,1,0,0
213,Melbourne,Data Analyst,"Department of Finance, Services & Innovation",Cleanse and prepare multiple sources of data for matching and,70000.0,90000.0,80000.0,0,1,0,0
214,Melbourne,Data Analyst,BT Financial Group,"In this role you will you will work closely with the Manager to validate all regulatory responses including formal notices for data from APRA and ASIC, and...",70000.0,90000.0,80000.0,0,1,0,0
215,Melbourne,Junior Data Scientist,The Eclair Group,Industry experience as a Data Analyst,70000.0,90000.0,80000.0,0,0,0,1
216,Melbourne,Data Analyst,OpenAgent,Working in the data and business analytics team to answer business questions using data. Review processes that pull data from Adwords and input into our data...,70000.0,90000.0,80000.0,0,1,0,0
217,Melbourne,Data Analyst,Tata Consultancy Services (TCS),Data migration Test Analyst (Automation experience). Data Analyst,80000.0,90000.0,85000.0,0,1,0,0
218,Melbourne,Data Analyst,Datasii,Extensive experience as a Data Analyst,70000.0,90000.0,80000.0,0,1,0,0
219,Melbourne,Data Analyst,Munich Re,Data Analyst,70000.0,90000.0,80000.0,0,1,0,0
220,Melbourne,Junior Data Scientist,Intellify,"We also believe great data science comes from great teams, so invest continuously in upskilling and cross-training our data scientists, with lunch & learn...",80000.0,100000.0,90000.0,0,0,0,1
221,Melbourne,Data Analyst,World Fuel,Sound data entry and analytical skills. Maintaining customer data within both CRM and Invoice databases. Analyzing customer invoice data to identify erroneous...,70000.0,90000.0,80000.0,0,1,0,0
223,Melbourne,Analyst,Sydney,Outstanding data extraction and manipulation skills. Interpret and communicate results from data analysis as recommendations to internal customers....,55000.0,65000.0,60000.0,1,0,0,0
224,Sydney,Analyst,WEST 1 Australia,"Data organization, processing and interpretation across all agencies and client data sets. Working with large data sets and tools;...",55000.0,65000.0,60000.0,1,0,0,0
225,Sydney,Data Analyst,ANZ Banking Group,Our Data Analyst,70000.0,90000.0,80000.0,0,1,0,0
227,Sydney,Data Analyst,AMP Ltd,We are currently looking for two Data Analyst,70000.0,90000.0,80000.0,0,1,0,0
228,Sydney,Data Analyst,Amazon.com,As a Data Analyst,70000.0,90000.0,80000.0,0,1,0,0
229,Sydney,Data Analyst,"Department of Finance, Services & Innovation",Cleanse and prepare multiple sources of data for matching and,70000.0,90000.0,80000.0,0,1,0,0
230,Sydney,Data Analyst,BT Financial Group,"In this role you will you will work closely with the Manager to validate all regulatory responses including formal notices for data from APRA and ASIC, and...",70000.0,90000.0,80000.0,0,1,0,0
231,Sydney,Junior Data Scientist,The Eclair Group,Industry experience as a Data Analyst,70000.0,90000.0,80000.0,0,0,0,1
232,Sydney,Data Analyst,OpenAgent,Working in the data and business analytics team to answer business questions using data. Review processes that pull data from Adwords and input into our data...,70000.0,90000.0,80000.0,0,1,0,0
233,Sydney,Data Analyst,Tata Consultancy Services (TCS),Data migration Test Analyst (Automation experience). Data Analyst,80000.0,90000.0,85000.0,0,1,0,0
234,Sydney,Data Analyst,Datasii,Extensive experience as a Data Analyst,70000.0,90000.0,80000.0,0,1,0,0
235,Sydney,Data Analyst,Munich Re,Data Analyst,70000.0,90000.0,80000.0,0,1,0,0
236,Sydney,Junior Data Scientist,Intellify,"We also believe great data science comes from great teams, so invest continuously in upskilling and cross-training our data scientists, with lunch & learn...",80000.0,100000.0,90000.0,0,0,0,1
237,Sydney,Data Analyst,World Fuel,Sound data entry and analytical skills. Maintaining customer data within both CRM and Invoice databases. Analyzing customer invoice data to identify erroneous...,70000.0,90000.0,80000.0,0,1,0,0
239,Sydney,Analyst,Sydney,Outstanding data extraction and manipulation skills. Interpret and communicate results from data analysis as recommendations to internal customers....,55000.0,65000.0,60000.0,1,0,0,0
240,Ultimo,Analyst,WEST 1 Australia,"Data organization, processing and interpretation across all agencies and client data sets. Working with large data sets and tools;...",55000.0,65000.0,60000.0,1,0,0,0
241,Ultimo,Data Analyst,ANZ Banking Group,Our Data Analyst,70000.0,90000.0,80000.0,0,1,0,0
243,Ultimo,Data Analyst,AMP Ltd,We are currently looking for two Data Analyst,70000.0,90000.0,80000.0,0,1,0,0
244,Ultimo,Data Analyst,Amazon.com,As a Data Analyst,70000.0,90000.0,80000.0,0,1,0,0
245,Ultimo,Data Analyst,"Department of Finance, Services & Innovation",Cleanse and prepare multiple sources of data for matching and,70000.0,90000.0,80000.0,0,1,0,0
246,Ultimo,Data Analyst,BT Financial Group,"In this role you will you will work closely with the Manager to validate all regulatory responses including formal notices for data from APRA and ASIC, and...",70000.0,90000.0,80000.0,0,1,0,0
247,Ultimo,Junior Data Scientist,The Eclair Group,Industry experience as a Data Analyst,70000.0,90000.0,80000.0,0,0,0,1
248,Ultimo,Data Analyst,OpenAgent,Working in the data and business analytics team to answer business questions using data. Review processes that pull data from Adwords and input into our data...,70000.0,90000.0,80000.0,0,1,0,0
249,Ultimo,Data Analyst,Tata Consultancy Services (TCS),Data migration Test Analyst (Automation experience). Data Analyst,80000.0,90000.0,85000.0,0,1,0,0
250,Ultimo,Data Analyst,Datasii,Extensive experience as a Data Analyst,70000.0,90000.0,80000.0,0,1,0,0
251,Ultimo,Data Analyst,Munich Re,Data Analyst,70000.0,90000.0,80000.0,0,1,0,0
252,Ultimo,Junior Data Scientist,Intellify,"We also believe great data science comes from great teams, so invest continuously in upskilling and cross-training our data scientists, with lunch & learn...",80000.0,100000.0,90000.0,0,0,0,1
253,Ultimo,Data Analyst,World Fuel,Sound data entry and analytical skills. Maintaining customer data within both CRM and Invoice databases. Analyzing customer invoice data to identify erroneous...,70000.0,90000.0,80000.0,0,1,0,0
255,Ultimo,Analyst,Sydney,Outstanding data extraction and manipulation skills. Interpret and communicate results from data analysis as recommendations to internal customers....,55000.0,65000.0,60000.0,1,0,0,0
256,Sydney,Analyst,WEST 1 Australia,"Data organization, processing and interpretation across all agencies and client data sets. Working with large data sets and tools;...",55000.0,65000.0,60000.0,1,0,0,0
257,Sydney,Data Analyst,ANZ Banking Group,Our Data Analyst,70000.0,90000.0,80000.0,0,1,0,0
259,Sydney,Data Analyst,AMP Ltd,We are currently looking for two Data Analyst,70000.0,90000.0,80000.0,0,1,0,0
260,Sydney,Data Analyst,Amazon.com,As a Data Analyst,70000.0,90000.0,80000.0,0,1,0,0
261,Sydney,Data Analyst,"Department of Finance, Services & Innovation",Cleanse and prepare multiple sources of data for matching and,70000.0,90000.0,80000.0,0,1,0,0
262,Sydney,Data Analyst,BT Financial Group,"In this role you will you will work closely with the Manager to validate all regulatory responses including formal notices for data from APRA and ASIC, and...",70000.0,90000.0,80000.0,0,1,0,0
263,Sydney,Junior Data Scientist,The Eclair Group,Industry experience as a Data Analyst,70000.0,90000.0,80000.0,0,0,0,1
264,Sydney,Data Analyst,OpenAgent,Working in the data and business analytics team to answer business questions using data. Review processes that pull data from Adwords and input into our data...,70000.0,90000.0,80000.0,0,1,0,0
265,Sydney,Data Analyst,Tata Consultancy Services (TCS),Data migration Test Analyst (Automation experience). Data Analyst,80000.0,90000.0,85000.0,0,1,0,0
266,Sydney,Data Analyst,Datasii,Extensive experience as a Data Analyst,70000.0,90000.0,80000.0,0,1,0,0
267,Sydney,Data Analyst,Munich Re,Data Analyst,70000.0,90000.0,80000.0,0,1,0,0
268,Sydney,Junior Data Scientist,Intellify,"We also believe great data science comes from great teams, so invest continuously in upskilling and cross-training our data scientists, with lunch & learn...",80000.0,100000.0,90000.0,0,0,0,1
269,Sydney,Data Analyst,World Fuel,Sound data entry and analytical skills. Maintaining customer data within both CRM and Invoice databases. Analyzing customer invoice data to identify erroneous...,70000.0,90000.0,80000.0,0,1,0,0
271,Sydney,Analyst,Sydney,Outstanding data extraction and manipulation skills. Interpret and communicate results from data analysis as recommendations to internal customers....,55000.0,65000.0,60000.0,1,0,0,0
272,Darlinghurst+NSW,Analyst,WEST 1 Australia,"Data organization, processing and interpretation across all agencies and client data sets. Working with large data sets and tools;...",55000.0,65000.0,60000.0,1,0,0,0
273,Darlinghurst+NSW,Data Analyst,ANZ Banking Group,Our Data Analyst,70000.0,90000.0,80000.0,0,1,0,0
275,Darlinghurst+NSW,Data Analyst,AMP Ltd,We are currently looking for two Data Analyst,70000.0,90000.0,80000.0,0,1,0,0
276,Darlinghurst+NSW,Data Analyst,Amazon.com,As a Data Analyst,70000.0,90000.0,80000.0,0,1,0,0
277,Darlinghurst+NSW,Data Analyst,"Department of Finance, Services & Innovation",Cleanse and prepare multiple sources of data for matching and,70000.0,90000.0,80000.0,0,1,0,0
278,Darlinghurst+NSW,Data Analyst,BT Financial Group,"In this role you will you will work closely with the Manager to validate all regulatory responses including formal notices for data from APRA and ASIC, and...",70000.0,90000.0,80000.0,0,1,0,0
279,Darlinghurst+NSW,Junior Data Scientist,The Eclair Group,Industry experience as a Data Analyst,70000.0,90000.0,80000.0,0,0,0,1
280,Darlinghurst+NSW,Data Analyst,OpenAgent,Working in the data and business analytics team to answer business questions using data. Review processes that pull data from Adwords and input into our data...,70000.0,90000.0,80000.0,0,1,0,0
281,Darlinghurst+NSW,Data Analyst,Tata Consultancy Services (TCS),Data migration Test Analyst (Automation experience). Data Analyst,80000.0,90000.0,85000.0,0,1,0,0
282,Darlinghurst+NSW,Data Analyst,Datasii,Extensive experience as a Data Analyst,70000.0,90000.0,80000.0,0,1,0,0
283,Darlinghurst+NSW,Data Analyst,Munich Re,Data Analyst,70000.0,90000.0,80000.0,0,1,0,0
284,Darlinghurst+NSW,Junior Data Scientist,Intellify,"We also believe great data science comes from great teams, so invest continuously in upskilling and cross-training our data scientists, with lunch & learn...",80000.0,100000.0,90000.0,0,0,0,1
285,Darlinghurst+NSW,Data Analyst,World Fuel,Sound data entry and analytical skills. Maintaining customer data within both CRM and Invoice databases. Analyzing customer invoice data to identify erroneous...,70000.0,90000.0,80000.0,0,1,0,0
287,Darlinghurst+NSW,Analyst,Sydney,Outstanding data extraction and manipulation skills. Interpret and communicate results from data analysis as recommendations to internal customers....,55000.0,65000.0,60000.0,1,0,0,0
288,Barangaroo,Analyst,WEST 1 Australia,"Data organization, processing and interpretation across all agencies and client data sets. Working with large data sets and tools;...",55000.0,65000.0,60000.0,1,0,0,0
289,Barangaroo,Data Analyst,ANZ Banking Group,Our Data Analyst,70000.0,90000.0,80000.0,0,1,0,0
291,Barangaroo,Data Analyst,AMP Ltd,We are currently looking for two Data Analyst,70000.0,90000.0,80000.0,0,1,0,0
292,Barangaroo,Data Analyst,Amazon.com,As a Data Analyst,70000.0,90000.0,80000.0,0,1,0,0
293,Barangaroo,Data Analyst,"Department of Finance, Services & Innovation",Cleanse and prepare multiple sources of data for matching and,70000.0,90000.0,80000.0,0,1,0,0
294,Barangaroo,Data Analyst,BT Financial Group,"In this role you will you will work closely with the Manager to validate all regulatory responses including formal notices for data from APRA and ASIC, and...",70000.0,90000.0,80000.0,0,1,0,0
295,Barangaroo,Junior Data Scientist,The Eclair Group,Industry experience as a Data Analyst,70000.0,90000.0,80000.0,0,0,0,1
296,Barangaroo,Data Analyst,OpenAgent,Working in the data and business analytics team to answer business questions using data. Review processes that pull data from Adwords and input into our data...,70000.0,90000.0,80000.0,0,1,0,0
297,Barangaroo,Data Analyst,Tata Consultancy Services (TCS),Data migration Test Analyst (Automation experience). Data Analyst,80000.0,90000.0,85000.0,0,1,0,0
298,Barangaroo,Data Analyst,Datasii,Extensive experience as a Data Analyst,70000.0,90000.0,80000.0,0,1,0,0
299,Barangaroo,Data Analyst,Munich Re,Data Analyst,70000.0,90000.0,80000.0,0,1,0,0
300,Barangaroo,Junior Data Scientist,Intellify,"We also believe great data science comes from great teams, so invest continuously in upskilling and cross-training our data scientists, with lunch & learn...",80000.0,100000.0,90000.0,0,0,0,1
301,Barangaroo,Data Analyst,World Fuel,Sound data entry and analytical skills. Maintaining customer data within both CRM and Invoice databases. Analyzing customer invoice data to identify erroneous...,70000.0,90000.0,80000.0,0,1,0,0
303,Barangaroo,Analyst,Sydney,Outstanding data extraction and manipulation skills. Interpret and communicate results from data analysis as recommendations to internal customers....,55000.0,65000.0,60000.0,1,0,0,0
304,Mascot,Analyst,WEST 1 Australia,"Data organization, processing and interpretation across all agencies and client data sets. Working with large data sets and tools;...",55000.0,65000.0,60000.0,1,0,0,0
305,Mascot,Data Analyst,ANZ Banking Group,Our Data Analyst,70000.0,90000.0,80000.0,0,1,0,0
307,Mascot,Data Analyst,AMP Ltd,We are currently looking for two Data Analyst,70000.0,90000.0,80000.0,0,1,0,0
308,Mascot,Data Analyst,Amazon.com,As a Data Analyst,70000.0,90000.0,80000.0,0,1,0,0
309,Mascot,Data Analyst,"Department of Finance, Services & Innovation",Cleanse and prepare multiple sources of data for matching and,70000.0,90000.0,80000.0,0,1,0,0
310,Mascot,Data Analyst,BT Financial Group,"In this role you will you will work closely with the Manager to validate all regulatory responses including formal notices for data from APRA and ASIC, and...",70000.0,90000.0,80000.0,0,1,0,0
311,Mascot,Junior Data Scientist,The Eclair Group,Industry experience as a Data Analyst,70000.0,90000.0,80000.0,0,0,0,1
312,Mascot,Data Analyst,OpenAgent,Working in the data and business analytics team to answer business questions using data. Review processes that pull data from Adwords and input into our data...,70000.0,90000.0,80000.0,0,1,0,0
313,Mascot,Data Analyst,Tata Consultancy Services (TCS),Data migration Test Analyst (Automation experience). Data Analyst,80000.0,90000.0,85000.0,0,1,0,0
314,Mascot,Data Analyst,Datasii,Extensive experience as a Data Analyst,70000.0,90000.0,80000.0,0,1,0,0
315,Mascot,Data Analyst,Munich Re,Data Analyst,70000.0,90000.0,80000.0,0,1,0,0
316,Mascot,Junior Data Scientist,Intellify,"We also believe great data science comes from great teams, so invest continuously in upskilling and cross-training our data scientists, with lunch & learn...",80000.0,100000.0,90000.0,0,0,0,1
317,Mascot,Data Analyst,World Fuel,Sound data entry and analytical skills. Maintaining customer data within both CRM and Invoice databases. Analyzing customer invoice data to identify erroneous...,70000.0,90000.0,80000.0,0,1,0,0
319,Mascot,Analyst,Sydney,Outstanding data extraction and manipulation skills. Interpret and communicate results from data analysis as recommendations to internal customers....,55000.0,65000.0,60000.0,1,0,0,0
320,Parramatta,Analyst,WEST 1 Australia,"Data organization, processing and interpretation across all agencies and client data sets. Working with large data sets and tools;...",55000.0,65000.0,60000.0,1,0,0,0
321,Parramatta,Data Analyst,ANZ Banking Group,Our Data Analyst,70000.0,90000.0,80000.0,0,1,0,0
323,Parramatta,Data Analyst,AMP Ltd,We are currently looking for two Data Analyst,70000.0,90000.0,80000.0,0,1,0,0
324,Parramatta,Data Analyst,Amazon.com,As a Data Analyst,70000.0,90000.0,80000.0,0,1,0,0
325,Parramatta,Data Analyst,"Department of Finance, Services & Innovation",Cleanse and prepare multiple sources of data for matching and,70000.0,90000.0,80000.0,0,1,0,0
326,Parramatta,Data Analyst,BT Financial Group,"In this role you will you will work closely with the Manager to validate all regulatory responses including formal notices for data from APRA and ASIC, and...",70000.0,90000.0,80000.0,0,1,0,0
327,Parramatta,Junior Data Scientist,The Eclair Group,Industry experience as a Data Analyst,70000.0,90000.0,80000.0,0,0,0,1
328,Parramatta,Data Analyst,OpenAgent,Working in the data and business analytics team to answer business questions using data. Review processes that pull data from Adwords and input into our data...,70000.0,90000.0,80000.0,0,1,0,0
329,Parramatta,Data Analyst,Tata Consultancy Services (TCS),Data migration Test Analyst (Automation experience). Data Analyst,80000.0,90000.0,85000.0,0,1,0,0
330,Parramatta,Data Analyst,Datasii,Extensive experience as a Data Analyst,70000.0,90000.0,80000.0,0,1,0,0
331,Parramatta,Data Analyst,Munich Re,Data Analyst,70000.0,90000.0,80000.0,0,1,0,0
332,Parramatta,Junior Data Scientist,Intellify,"We also believe great data science comes from great teams, so invest continuously in upskilling and cross-training our data scientists, with lunch & learn...",80000.0,100000.0,90000.0,0,0,0,1
333,Parramatta,Data Analyst,World Fuel,Sound data entry and analytical skills. Maintaining customer data within both CRM and Invoice databases. Analyzing customer invoice data to identify erroneous...,70000.0,90000.0,80000.0,0,1,0,0
335,Parramatta,Analyst,Sydney,Outstanding data extraction and manipulation skills. Interpret and communicate results from data analysis as recommendations to internal customers....,55000.0,65000.0,60000.0,1,0,0,0
336,Surry Hills,Analyst,WEST 1 Australia,"Data organization, processing and interpretation across all agencies and client data sets. Working with large data sets and tools;...",55000.0,65000.0,60000.0,1,0,0,0
337,Surry Hills,Data Analyst,ANZ Banking Group,Our Data Analyst,70000.0,90000.0,80000.0,0,1,0,0
339,Surry Hills,Data Analyst,AMP Ltd,We are currently looking for two Data Analyst,70000.0,90000.0,80000.0,0,1,0,0
340,Surry Hills,Data Analyst,Amazon.com,As a Data Analyst,70000.0,90000.0,80000.0,0,1,0,0
341,Surry Hills,Data Analyst,"Department of Finance, Services & Innovation",Cleanse and prepare multiple sources of data for matching and,70000.0,90000.0,80000.0,0,1,0,0
342,Surry Hills,Data Analyst,BT Financial Group,"In this role you will you will work closely with the Manager to validate all regulatory responses including formal notices for data from APRA and ASIC, and...",70000.0,90000.0,80000.0,0,1,0,0
343,Surry Hills,Junior Data Scientist,The Eclair Group,Industry experience as a Data Analyst,70000.0,90000.0,80000.0,0,0,0,1
344,Surry Hills,Data Analyst,OpenAgent,Working in the data and business analytics team to answer business questions using data. Review processes that pull data from Adwords and input into our data...,70000.0,90000.0,80000.0,0,1,0,0
345,Surry Hills,Data Analyst,Tata Consultancy Services (TCS),Data migration Test Analyst (Automation experience). Data Analyst,80000.0,90000.0,85000.0,0,1,0,0
346,Surry Hills,Data Analyst,Datasii,Extensive experience as a Data Analyst,70000.0,90000.0,80000.0,0,1,0,0
347,Surry Hills,Data Analyst,Munich Re,Data Analyst,70000.0,90000.0,80000.0,0,1,0,0
348,Surry Hills,Junior Data Scientist,Intellify,"We also believe great data science comes from great teams, so invest continuously in upskilling and cross-training our data scientists, with lunch & learn...",80000.0,100000.0,90000.0,0,0,0,1
349,Surry Hills,Data Analyst,World Fuel,Sound data entry and analytical skills. Maintaining customer data within both CRM and Invoice databases. Analyzing customer invoice data to identify erroneous...,70000.0,90000.0,80000.0,0,1,0,0
351,Surry Hills,Analyst,Sydney,Outstanding data extraction and manipulation skills. Interpret and communicate results from data analysis as recommendations to internal customers....,55000.0,65000.0,60000.0,1,0,0,0
352,Macquarie Park,Analyst,WEST 1 Australia,"Data organization, processing and interpretation across all agencies and client data sets. Working with large data sets and tools;...",55000.0,65000.0,60000.0,1,0,0,0
353,Macquarie Park,Data Analyst,ANZ Banking Group,Our Data Analyst,70000.0,90000.0,80000.0,0,1,0,0
355,Macquarie Park,Data Analyst,AMP Ltd,We are currently looking for two Data Analyst,70000.0,90000.0,80000.0,0,1,0,0
356,Macquarie Park,Data Analyst,Amazon.com,As a Data Analyst,70000.0,90000.0,80000.0,0,1,0,0
357,Macquarie Park,Data Analyst,"Department of Finance, Services & Innovation",Cleanse and prepare multiple sources of data for matching and,70000.0,90000.0,80000.0,0,1,0,0
358,Macquarie Park,Data Analyst,BT Financial Group,"In this role you will you will work closely with the Manager to validate all regulatory responses including formal notices for data from APRA and ASIC, and...",70000.0,90000.0,80000.0,0,1,0,0
359,Macquarie Park,Junior Data Scientist,The Eclair Group,Industry experience as a Data Analyst,70000.0,90000.0,80000.0,0,0,0,1
360,Macquarie Park,Data Analyst,OpenAgent,Working in the data and business analytics team to answer business questions using data. Review processes that pull data from Adwords and input into our data...,70000.0,90000.0,80000.0,0,1,0,0
361,Macquarie Park,Data Analyst,Tata Consultancy Services (TCS),Data migration Test Analyst (Automation experience). Data Analyst,80000.0,90000.0,85000.0,0,1,0,0
362,Macquarie Park,Data Analyst,Datasii,Extensive experience as a Data Analyst,70000.0,90000.0,80000.0,0,1,0,0
363,Macquarie Park,Data Analyst,Munich Re,Data Analyst,70000.0,90000.0,80000.0,0,1,0,0
364,Macquarie Park,Junior Data Scientist,Intellify,"We also believe great data science comes from great teams, so invest continuously in upskilling and cross-training our data scientists, with lunch & learn...",80000.0,100000.0,90000.0,0,0,0,1
365,Macquarie Park,Data Analyst,World Fuel,Sound data entry and analytical skills. Maintaining customer data within both CRM and Invoice databases. Analyzing customer invoice data to identify erroneous...,70000.0,90000.0,80000.0,0,1,0,0
367,Macquarie Park,Analyst,Sydney,Outstanding data extraction and manipulation skills. Interpret and communicate results from data analysis as recommendations to internal customers....,55000.0,65000.0,60000.0,1,0,0,0
368,Sydney,Analyst,WEST 1 Australia,"Data organization, processing and interpretation across all agencies and client data sets. Working with large data sets and tools;...",55000.0,65000.0,60000.0,1,0,0,0
369,Sydney,Data Analyst,ANZ Banking Group,Our Data Analyst,70000.0,90000.0,80000.0,0,1,0,0
371,Sydney,Data Analyst,AMP Ltd,We are currently looking for two Data Analyst,70000.0,90000.0,80000.0,0,1,0,0
372,Sydney,Data Analyst,Amazon.com,As a Data Analyst,70000.0,90000.0,80000.0,0,1,0,0
373,Sydney,Data Analyst,"Department of Finance, Services & Innovation",Cleanse and prepare multiple sources of data for matching and,70000.0,90000.0,80000.0,0,1,0,0
374,Sydney,Data Analyst,BT Financial Group,"In this role you will you will work closely with the Manager to validate all regulatory responses including formal notices for data from APRA and ASIC, and...",70000.0,90000.0,80000.0,0,1,0,0
375,Sydney,Junior Data Scientist,The Eclair Group,Industry experience as a Data Analyst,70000.0,90000.0,80000.0,0,0,0,1
376,Sydney,Data Analyst,OpenAgent,Working in the data and business analytics team to answer business questions using data. Review processes that pull data from Adwords and input into our data...,70000.0,90000.0,80000.0,0,1,0,0
377,Sydney,Data Analyst,Tata Consultancy Services (TCS),Data migration Test Analyst (Automation experience). Data Analyst,80000.0,90000.0,85000.0,0,1,0,0
378,Sydney,Data Analyst,Datasii,Extensive experience as a Data Analyst,70000.0,90000.0,80000.0,0,1,0,0
379,Sydney,Data Analyst,Munich Re,Data Analyst,70000.0,90000.0,80000.0,0,1,0,0
380,Sydney,Junior Data Scientist,Intellify,"We also believe great data science comes from great teams, so invest continuously in upskilling and cross-training our data scientists, with lunch & learn...",80000.0,100000.0,90000.0,0,0,0,1
381,Sydney,Data Analyst,World Fuel,Sound data entry and analytical skills. Maintaining customer data within both CRM and Invoice databases. Analyzing customer invoice data to identify erroneous...,70000.0,90000.0,80000.0,0,1,0,0
383,Sydney,Analyst,Sydney,Outstanding data extraction and manipulation skills. Interpret and communicate results from data analysis as recommendations to internal customers....,55000.0,65000.0,60000.0,1,0,0,0
384,Hills District,Analyst,WEST 1 Australia,"Data organization, processing and interpretation across all agencies and client data sets. Working with large data sets and tools;...",55000.0,65000.0,60000.0,1,0,0,0
385,Hills District,Data Analyst,ANZ Banking Group,Our Data Analyst,70000.0,90000.0,80000.0,0,1,0,0
387,Hills District,Data Analyst,AMP Ltd,We are currently looking for two Data Analyst,70000.0,90000.0,80000.0,0,1,0,0
388,Hills District,Data Analyst,Amazon.com,As a Data Analyst,70000.0,90000.0,80000.0,0,1,0,0
389,Hills District,Data Analyst,"Department of Finance, Services & Innovation",Cleanse and prepare multiple sources of data for matching and,70000.0,90000.0,80000.0,0,1,0,0
390,Hills District,Data Analyst,BT Financial Group,"In this role you will you will work closely with the Manager to validate all regulatory responses including formal notices for data from APRA and ASIC, and...",70000.0,90000.0,80000.0,0,1,0,0
391,Hills District,Junior Data Scientist,The Eclair Group,Industry experience as a Data Analyst,70000.0,90000.0,80000.0,0,0,0,1
392,Hills District,Data Analyst,OpenAgent,Working in the data and business analytics team to answer business questions using data. Review processes that pull data from Adwords and input into our data...,70000.0,90000.0,80000.0,0,1,0,0
393,Hills District,Data Analyst,Tata Consultancy Services (TCS),Data migration Test Analyst (Automation experience). Data Analyst,80000.0,90000.0,85000.0,0,1,0,0
394,Hills District,Data Analyst,Datasii,Extensive experience as a Data Analyst,70000.0,90000.0,80000.0,0,1,0,0
395,Hills District,Data Analyst,Munich Re,Data Analyst,70000.0,90000.0,80000.0,0,1,0,0
396,Hills District,Junior Data Scientist,Intellify,"We also believe great data science comes from great teams, so invest continuously in upskilling and cross-training our data scientists, with lunch & learn...",80000.0,100000.0,90000.0,0,0,0,1
397,Hills District,Data Analyst,World Fuel,Sound data entry and analytical skills. Maintaining customer data within both CRM and Invoice databases. Analyzing customer invoice data to identify erroneous...,70000.0,90000.0,80000.0,0,1,0,0
399,Hills District,Analyst,Sydney,Outstanding data extraction and manipulation skills. Interpret and communicate results from data analysis as recommendations to internal customers....,55000.0,65000.0,60000.0,1,0,0,0
400,Sydney,Analyst,WEST 1 Australia,"Data organization, processing and interpretation across all agencies and client data sets. Working with large data sets and tools;...",55000.0,65000.0,60000.0,1,0,0,0
401,Sydney,Data Analyst,ANZ Banking Group,Our Data Analyst,70000.0,90000.0,80000.0,0,1,0,0
403,Sydney,Data Analyst,AMP Ltd,We are currently looking for two Data Analyst,70000.0,90000.0,80000.0,0,1,0,0
404,Sydney,Data Analyst,Amazon.com,As a Data Analyst,70000.0,90000.0,80000.0,0,1,0,0
405,Sydney,Data Analyst,"Department of Finance, Services & Innovation",Cleanse and prepare multiple sources of data for matching and,70000.0,90000.0,80000.0,0,1,0,0
406,Sydney,Data Analyst,BT Financial Group,"In this role you will you will work closely with the Manager to validate all regulatory responses including formal notices for data from APRA and ASIC, and...",70000.0,90000.0,80000.0,0,1,0,0
407,Sydney,Junior Data Scientist,The Eclair Group,Industry experience as a Data Analyst,70000.0,90000.0,80000.0,0,0,0,1
408,Sydney,Data Analyst,OpenAgent,Working in the data and business analytics team to answer business questions using data. Review processes that pull data from Adwords and input into our data...,70000.0,90000.0,80000.0,0,1,0,0
409,Sydney,Data Analyst,Tata Consultancy Services (TCS),Data migration Test Analyst (Automation experience). Data Analyst,80000.0,90000.0,85000.0,0,1,0,0
410,Sydney,Data Analyst,Datasii,Extensive experience as a Data Analyst,70000.0,90000.0,80000.0,0,1,0,0
411,Sydney,Data Analyst,Munich Re,Data Analyst,70000.0,90000.0,80000.0,0,1,0,0
412,Sydney,Junior Data Scientist,Intellify,"We also believe great data science comes from great teams, so invest continuously in upskilling and cross-training our data scientists, with lunch & learn...",80000.0,100000.0,90000.0,0,0,0,1
413,Sydney,Data Analyst,World Fuel,Sound data entry and analytical skills. Maintaining customer data within both CRM and Invoice databases. Analyzing customer invoice data to identify erroneous...,70000.0,90000.0,80000.0,0,1,0,0
415,Sydney,Analyst,Sydney,Outstanding data extraction and manipulation skills. Interpret and communicate results from data analysis as recommendations to internal customers....,55000.0,65000.0,60000.0,1,0,0,0
416,Sydney,Analyst,WEST 1 Australia,"Data organization, processing and interpretation across all agencies and client data sets. Working with large data sets and tools;...",55000.0,65000.0,60000.0,1,0,0,0
417,Sydney,Data Analyst,ANZ Banking Group,Our Data Analyst,70000.0,90000.0,80000.0,0,1,0,0
419,Sydney,Data Analyst,AMP Ltd,We are currently looking for two Data Analyst,70000.0,90000.0,80000.0,0,1,0,0
420,Sydney,Data Analyst,Amazon.com,As a Data Analyst,70000.0,90000.0,80000.0,0,1,0,0
421,Sydney,Data Analyst,"Department of Finance, Services & Innovation",Cleanse and prepare multiple sources of data for matching and,70000.0,90000.0,80000.0,0,1,0,0
422,Sydney,Data Analyst,BT Financial Group,"In this role you will you will work closely with the Manager to validate all regulatory responses including formal notices for data from APRA and ASIC, and...",70000.0,90000.0,80000.0,0,1,0,0
423,Sydney,Junior Data Scientist,The Eclair Group,Industry experience as a Data Analyst,70000.0,90000.0,80000.0,0,0,0,1
424,Sydney,Data Analyst,OpenAgent,Working in the data and business analytics team to answer business questions using data. Review processes that pull data from Adwords and input into our data...,70000.0,90000.0,80000.0,0,1,0,0
425,Sydney,Data Analyst,Tata Consultancy Services (TCS),Data migration Test Analyst (Automation experience). Data Analyst,80000.0,90000.0,85000.0,0,1,0,0
426,Sydney,Data Analyst,Datasii,Extensive experience as a Data Analyst,70000.0,90000.0,80000.0,0,1,0,0
427,Sydney,Data Analyst,Munich Re,Data Analyst,70000.0,90000.0,80000.0,0,1,0,0
428,Sydney,Junior Data Scientist,Intellify,"We also believe great data science comes from great teams, so invest continuously in upskilling and cross-training our data scientists, with lunch & learn...",80000.0,100000.0,90000.0,0,0,0,1
429,Sydney,Data Analyst,World Fuel,Sound data entry and analytical skills. Maintaining customer data within both CRM and Invoice databases. Analyzing customer invoice data to identify erroneous...,70000.0,90000.0,80000.0,0,1,0,0
431,Sydney,Analyst,Sydney,Outstanding data extraction and manipulation skills. Interpret and communicate results from data analysis as recommendations to internal customers....,55000.0,65000.0,60000.0,1,0,0,0
432,Melbourne,Analyst,WEST 1 Australia,"Data organization, processing and interpretation across all agencies and client data sets. Working with large data sets and tools;...",55000.0,65000.0,60000.0,1,0,0,0
433,Melbourne,Data Analyst,ANZ Banking Group,Our Data Analyst,70000.0,90000.0,80000.0,0,1,0,0
435,Melbourne,Data Analyst,AMP Ltd,We are currently looking for two Data Analyst,70000.0,90000.0,80000.0,0,1,0,0
436,Melbourne,Data Analyst,Amazon.com,As a Data Analyst,70000.0,90000.0,80000.0,0,1,0,0
437,Melbourne,Data Analyst,"Department of Finance, Services & Innovation",Cleanse and prepare multiple sources of data for matching and,70000.0,90000.0,80000.0,0,1,0,0
438,Melbourne,Data Analyst,BT Financial Group,"In this role you will you will work closely with the Manager to validate all regulatory responses including formal notices for data from APRA and ASIC, and...",70000.0,90000.0,80000.0,0,1,0,0
439,Melbourne,Junior Data Scientist,The Eclair Group,Industry experience as a Data Analyst,70000.0,90000.0,80000.0,0,0,0,1
440,Melbourne,Data Analyst,OpenAgent,Working in the data and business analytics team to answer business questions using data. Review processes that pull data from Adwords and input into our data...,70000.0,90000.0,80000.0,0,1,0,0
441,Melbourne,Data Analyst,Tata Consultancy Services (TCS),Data migration Test Analyst (Automation experience). Data Analyst,80000.0,90000.0,85000.0,0,1,0,0
442,Melbourne,Data Analyst,Datasii,Extensive experience as a Data Analyst,70000.0,90000.0,80000.0,0,1,0,0
443,Melbourne,Data Analyst,Munich Re,Data Analyst,70000.0,90000.0,80000.0,0,1,0,0
444,Melbourne,Junior Data Scientist,Intellify,"We also believe great data science comes from great teams, so invest continuously in upskilling and cross-training our data scientists, with lunch & learn...",80000.0,100000.0,90000.0,0,0,0,1
445,Melbourne,Data Analyst,World Fuel,Sound data entry and analytical skills. Maintaining customer data within both CRM and Invoice databases. Analyzing customer invoice data to identify erroneous...,70000.0,90000.0,80000.0,0,1,0,0
447,Melbourne,Analyst,Sydney,Outstanding data extraction and manipulation skills. Interpret and communicate results from data analysis as recommendations to internal customers....,55000.0,65000.0,60000.0,1,0,0,0
